workload=lorenz_stable
rings=72
vertices=1921
triangles=11400
ring_points=20,20,20,20,20,20,20,20,20,20,20,20,20,20,20,20,20,20,20,20,20,20,20,20,20,20,20,20,20,20,20,20,20,20,20,20,20,20,20,20,20,20,20,20,20,20,20,20,40,40,40,40,40,40,40,40,40,40,40,40,40,40,40,40,40,40,40,40,40,40,40,40
0
0
0
-0.6072473703604929
0.7789601333430635
0.15643446504023087
-0.5478057668083937
0.702710088157061
0.45399049973954675
-0.43474111801387944
0.557673883473166
0.7071067811865474
-0.27912097956868714
0.35804867353249636
0.8910065241883677
-0.09617853489309322
0.12337516475466748
0.9876883405951377
0.09617853489309289
-0.12337516475466703
0.9876883405951378
0.27912097956868687
-0.3580486735324959
0.891006524188368
0.4347411180138791
-0.5576738834731656
0.7071067811865479
0.5478057668083933
-0.7027100881570607
0.45399049973954725
0.6072473703604927
-0.7789601333430632
0.1564344650402314
0.6072473703604929
-0.7789601333430635
-0.15643446504023026
0.5478057668083938
-0.7027100881570612
-0.45399049973954625
0.43474111801387977
-0.5576738834731665
-0.7071067811865468
0.27912097956868753
-0.3580486735324968
-0.8910065241883672
0.09617853489309372
-0.12337516475466806
-0.9876883405951373
-0.09617853489309296
0.12337516475466712
-0.9876883405951378
-0.2791209795686869
0.35804867353249603
-0.891006524188368
-0.4347411180138792
0.5576738834731657
-0.7071067811865477
-0.5478057668083938
0.7027100881570612
-0.45399049973954614
-0.6072473703604928
0.7789601333430634
-0.15643446504023112
-0.6133409643475707
0.7867332251167116
0.15799880406969277
-0.5533530947031106
0.7096827501748608
0.45853022854356457
-0.4392212319895699
0.5631458911104196
0.7141768385542538
-0.28212563829960186
0.3614606346142206
0.8999132939444295
-0.09730338518897415
0.12448137214847142
0.9975631072766213
0.09730338518897369
-0.12448137214847081
0.9975631072766216
0.2821256382996017
-0.36146063461422023
0.89991329394443
0.4392212319895695
-0.5631458911104191
0.7141768385542544
0.5533530947031103
-0.7096827501748606
0.45853022854356495
0.6133409643475705
-0.7867332251167114
0.1579988040696931
0.6132985039575275
-0.786766324852722
-0.1579988039758148
0.5532135559708038
-0.7097915219875841
-0.4585302256430396
0.43895330108552894
-0.5633547351969989
-0.7141768191965397
0.2816942788827904
-0.36179685843239856
-0.8999132205790671
0.09697611772435283
-0.12473649350491835
-0.9975630884734891
-0.09697611772435195
0.12473649350491728
-0.9975630884734894
-0.2816942788827899
0.36179685843239795
-0.8999132205790679
-0.4389533010855283
0.5633547351969981
-0.7141768191965406
-0.5532135559708037
0.7097915219875838
-0.4585302256430399
-0.6132985039575275
0.786766324852722
-0.15799880397581567
-0.6194348398514867
0.7945060961529925
0.15956314328997748
-0.5589015420716424
0.7166545246859223
0.4630699523199133
-0.4437035149783801
0.5686161655971753
0.7212468623341128
-0.28512585903284815
0.36487614949911434
0.9088201976501418
-0.09841229643201994
0.12559993392202046
1.0074382850174923
0.09841229643201946
-0.12559993392201985
1.0074382850174926
0.285125859032848
-0.3648761494991139
0.9088201976501422
0.44370351497837973
-0.5686161655971748
0.7212468623341135
0.5589015420716423
-0.7166545246859221
0.46306995231991366
0.6194348398514866
-0.7945060961529924
0.15956314328997767
0.619349281593013
-0.7945727922452428
-0.15956314308720698
0.558620093505831
-0.7168739150953224
-0.46306994587118205
0.4431630995145684
-0.5690373998311389
-0.7212468205998461
0.28427261449748065
-0.3655412221464444
-0.908820067711183
0.0977907845254055
-0.12608443955272836
-1.0074382775580304
-0.09779078452540485
0.1260844395527276
-1.0074382775580308
-0.2842726144974801
0.36554122214644375
-0.9088200677111835
-0.44316309951456756
0.5690373998311377
-0.7212468205998473
-0.5586200935058309
0.7168739150953221
-0.46306994587118244
-0.6193492815930131
0.7945727922452429
-0.15956314308720784
-0.6316234011271941
0.8100512029391522
0.16269182177062047
-0.5700014015049693
0.7305957235264633
0.47214938487095326
-0.45267252779751566
0.5795531638606997
0.7353868368048766
-0.2911131183031625
0.37171771231546175
0.9266343982962499
-0.10059026662648493
0.1278681290800523
1.027189531473276
0.10059026662648442
-0.12786812908005168
1.0271895314732762
0.29111311830316255
-0.3717177123154616
0.9266343982962502
0.45267252779751527
-0.5795531638606989
0.7353868368048773
0.570001401504969
-0.730595723526463
0.47214938487095376
0.631623401127194
-0.810051202939152
0.16269182177062075
0.631449814765886
-0.8101865192196508
-0.16269182122675482
0.5694298829778958
-0.7310412196901254
-0.47214936964120546
0.45157797822200846
-0.5804063186750156
-0.7353867463655783
0.28944451394414694
-0.3730183701448992
-0.9266342113594821
0.09946265591297378
-0.12874719478477983
-1.027189596011177
-0.09946265591297344
0.12874719478477947
-1.0271895960111774
-0.289444513944146
0.37301837014489797
-0.9266342113594828
-0.45157797822200757
0.5804063186750142
-0.7353867463655794
-0.5694298829778953
0.7310412196901247
-0.4721493696412068
-0.6314498147658861
0.8101865192196508
-0.16269182122675568
-0.6560037397794185
0.8411388948200723
0.16894917749966662
-0.5922127830033352
0.7584688753972625
0.4903081826483781
-0.4706258326770324
0.6014149737478669
0.7636665134713535
-0.3030359947614558
0.38544201554852303
0.9622642806665676
-0.10482839695014654
0.13249656956322825
1.0666941614556043
0.10482839695014588
-0.13249656956322742
1.0666941614556047
0.30303599476145565
-0.38544201554852286
0.9622642806665679
0.47062583267703223
-0.6014149737478665
0.763666513471354
0.5922127830033351
-0.7584688753972623
0.49030818264837855
0.6560037397794184
-0.8411388948200721
0.16894917749966692
0.6556468018407292
-0.8414171346765393
-0.16894917536003728
0.5910365384978828
-0.7593857328565292
-0.4903081419179919
0.468391932381426
-0.6031561938017017
-0.7636663172117775
0.299847769107434
-0.3879273566177519
-0.9622641763377768
0.10292999510989202
-0.13397662704077618
-1.066694413402871
-0.10292999510989112
0.13397662704077512
-1.0666944134028715
-0.2998477691074326
0.38792735661775024
-0.9622641763377776
-0.4683919323814251
0.6031561938017005
-0.7636663172117786
-0.5910365384978821
0.7593857328565282
-0.4903081419179937
-0.6556468018407293
0.8414171346765394
-0.1689491753600376
-0.7047770890841816
0.903304341743828
0.18146387311585035
-0.6366805691421767
0.8141794833680678
0.5266254534080806
-0.5065771293436508
0.6451030372639316
0.8202249555839604
-0.32669749601217934
0.41303707915249094
1.0335288989791298
-0.11304044081330572
0.14196077326148823
1.1457067628806132
0.1130404408133052
-0.1419607732614876
1.145706762880614
0.32669749601217923
-0.4130370791524908
1.0335288989791298
0.5065771293436505
-0.6451030372639309
0.820224955583961
0.6366805691421766
-0.8141794833680677
0.526625453408081
0.7047770890841815
-0.9033043417438278
0.1814638731158509
0.7040245234381656
-0.9038909588469051
-0.18146386059664874
0.6342000337087612
-0.8161129311000115
-0.5266253232599576
0.5019766840236294
-0.648688907917034
-0.82022457392486
0.3208642106831083
-0.41758482868575825
-1.0335294801944013
0.11013484437539758
-0.1442263653608731
-1.1457072795161243
-0.11013484437539728
0.14422636536087285
-1.1457072795161247
-0.32086421068310744
0.41758482868575714
-1.033529480194402
-0.501976684023628
0.6486889079170326
-0.8202245739248616
-0.63420003370876
0.8161129311000098
-0.5266253232599604
-0.7040245234381656
0.9038909588469051
-0.18146386059664962
-0.7535676709263377
0.965456273164248
0.193978526295857
-0.6812110504010778
0.8698403981153031
0.5629420998440025
-0.54256027376232
0.6887659959866161
0.8767825311448554
-0.3501334563007682
0.44081073904921547
1.1047986652288693
-0.1211002339156217
0.15154531389877726
1.2247205358308784
0.12110023391562115
-0.1515453138987765
1.2247205358308788
0.3501334563007681
-0.44081073904921547
1.1047986652288695
0.5425602737623194
-0.6887659959866151
0.8767825311448563
0.6812110504010779
-0.8698403981153031
0.5629420998440028
0.7535676709263376
-0.9654562731642478
0.19397852629585752
0.7523795792062279
-0.966382340641399
-0.19397848336694729
0.6772938439768567
-0.872893535990815
-0.5629417992014903
0.535537737624593
-0.6942399679493404
-0.8767821252431982
0.3421282744255443
-0.44705227434106576
-1.1048001560695957
0.11749096774446537
-0.15435988575209353
-1.2247211973621914
-0.11749096774446574
0.15435988575209406
-1.2247211973621914
-0.3421282744255437
0.4470522743410649
-1.104800156069596
-0.5355377376245916
0.6942399679493391
-0.8767821252431995
-0.6772938439768551
0.8728935359908131
-0.5629417992014935
-0.7523795792062278
0.9663823406413987
-0.1939784833669489
-0.8023751451796334
1.0275949542011282
0.2064931088302996
-0.7257962721487081
0.9254579553197554
0.5992580100256868
-0.5785373909383047
0.732433969757203
0.9333400691612577
-0.3734321292205428
0.4686929716384324
1.1760710508069467
-0.12910992648027605
0.16116971516365408
1.303734558162433
0.1291099264802754
-0.1611697151636532
1.3037345581624338
0.3734321292205427
-0.4686929716384323
1.176071050806947
0.5785373909383043
-0.7324339697572022
0.9333400691612587
0.725796272148708
-0.9254579553197553
0.5992580100256872
0.8023751451796333
-1.0275949542011278
0.20649310883029998
0.8007119080744727
-1.0288913223105298
-0.20649300280881308
0.7203281501655464
-0.9297197736184268
-0.5992574598446395
0.5691182147443368
-0.7397764069402937
-0.9333399211729692
0.363539849419511
-0.47640641422041063
-1.176073425450325
0.1248957780384409
-0.16445622856028844
-1.3037353267698282
-0.12489577803844085
0.16445622856028838
-1.3037353267698282
-0.36353984941951084
0.47640641422041025
-1.1760734254503253
-0.5691182147443345
0.7397764069402907
-0.9333399211729716
-0.7203281501655447
0.9297197736184246
-0.5992574598446431
-0.8007119080744725
1.0288913223105296
-0.20649300280881477
-0.8511990337563191
1.089720759839838
0.2190075875646728
-0.7704275756595229
0.9810390503033553
0.6355731394809103
-0.6144991122005573
0.776114303439492
0.9898978542421814
-0.39666013156267793
0.49663107062733103
1.2473446260785246
-0.13710833709158218
0.17080304725445108
1.382748635010802
0.1371083370915816
-0.17080304725445025
1.3827486350108023
0.3966601315626779
-0.49663107062733086
1.2473446260785253
0.614499112200557
-0.7761143034394912
0.9898978542421824
0.7704275756595227
-0.9810390503033549
0.6355731394809105
0.851199033756319
-1.0897207598398375
0.21900758756467303
0.8490217474727433
-1.091417716782007
-0.2190073710194426
0.7633141301249037
-0.9865831085800271
-0.6355722868988701
0.6027270172956859
-0.7852913021453269
-0.9898982336083598
0.3850266938916191
-0.5057027487575373
-1.247347826866674
0.1323115640249621
-0.17454414051139375
-1.3827495036636224
-0.13231156402496264
0.1745441405113946
-1.3827495036636224
-0.38502669389161903
0.5057027487575371
-1.2473478268666751
-0.602727017295684
0.7852913021453244
-0.9898982336083618
-0.7633141301249022
0.9865831085800247
-0.6355722868988735
-0.8490217474727431
1.0914177167820067
-0.2190073710194444
-0.9000387535918152
1.1518341487438397
0.23152192675021352
-0.8150980531568812
1.0365891772942875
0.6718874869409615
-0.650449348716869
0.8198038088612039
1.0464558564207185
-0.4198603216904315
0.5245910772047353
1.3186186691105253
-0.14511117516904415
0.1804327019934995
1.461762711808273
0.14511117516904337
-0.1804327019934985
1.4617627118082734
0.41986032169043147
-0.524591077204735
1.3186186691105257
0.6504493487168687
-0.8198038088612031
1.0464558564207198
0.815098053156881
-1.036589177294287
0.6718874869409618
0.9000387535918152
-1.1518341487438393
0.23152192675021344
0.8973095934641172
-1.1539611383561628
-0.23152153688503077
0.8062605895711336
-1.0434768087004556
-0.6718863132198412
0.6363580479385128
-0.8307892344047224
-1.0464569812785536
0.4065439624994729
-0.5349756743196629
-1.3186226680137738
0.13972360458206262
-0.18463477162707004
-1.4617636847844162
-0.1397236045820619
0.18463477162706907
-1.461763684784416
-0.4065439624994734
0.5349756743196634
-1.3186226680137745
-0.6363580479385111
0.83078923440472
-1.0464569812785554
-0.8062605895711312
1.0434768087004522
-0.6718863132198456
-0.8973095934641171
1.1539611383561628
-0.23152153688503266
-0.9488936856816255
1.2139356084056612
0.24403609145950816
-0.859802954093231
1.0921121087789356
0.708201065592369
-0.6863966461761362
0.86349564693189
1.1030139247344426
-0.443059095106839
0.5525520111900893
1.3898928094601737
-0.15312517659376704
0.19005324130669737
1.5407767675481332
0.15312517659376662
-0.19005324130669693
1.5407767675481345
0.4430590951068388
-0.5525520111900891
1.3898928094601741
0.6863966461761356
-0.8634956469318888
1.1030139247344444
0.8598029540932305
-1.0921121087789345
0.7082010655923691
0.9488936856816252
-1.2139356084056603
0.24403609145950844
0.9455760740835681
-1.216521100042805
-0.24403545083625375
0.8491734541749082
-1.1003963354928232
-0.7081995824369067
0.6700005445738737
-0.8762783913021724
-1.1030159684061442
0.42806493223186065
-0.5642456232282738
-1.389897614190494
0.14712585483567514
-0.19473267854576265
-1.5407778541907555
-0.14712585483567317
0.19473267854576007
-1.5407778541907553
-0.428064932231862
0.5642456232282754
-1.3898976141904942
-0.6700005445738717
0.8762783913021694
-1.1030159684061462
-0.8491734541749062
1.1003963354928203
-0.7081995824369096
-0.9455760740835677
1.2165211000428047
-0.2440354508362565
-0.9977632282668352
1.2760256128959069
0.25655004966279854
-0.9045393412858774
1.1476101704744968
0.7445138858809192
-0.7223502252747871
0.9071824581302664
1.1595718833116848
-0.4662726021418277
0.5805009834273487
1.4611668442975578
-0.16115339414678084
0.19966218438412298
1.6197907912139118
0.16115339414678065
-0.1996621843841229
1.619790791213913
0.4662726021418273
-0.5805009834273482
1.4611668442975585
0.7223502252747867
-0.9071824581302654
1.1595718833116861
0.9045393412858774
-1.1476101704744963
0.7445138858809196
0.997763228266835
-1.2760256128959062
0.25655004966279865
0.9938218427893416
-1.2790970954305982
-0.2565490675483095
0.8920562690946335
-1.1573389662969389
-0.744512128225749
0.7036435409856734
-0.9217671343243421
-1.1595749911231132
0.4495737889843938
-0.593524639905164
-1.4611724923981413
0.15451572984382397
-0.20483979995021423
-1.6197920038367357
-0.15451572984382292
0.20483979995021284
-1.6197920038367362
-0.4495737889843951
0.5935246399051659
-1.4611724923981413
-0.7036435409856713
0.9217671343243389
-1.1595749911231155
-0.8920562690946312
1.1573389662969358
-0.7445121282257525
-0.9938218427893409
1.2790970954305978
-0.2565490675483131
-1.0466468266589988
1.3381045991448917
0.26906377311076113
-0.9493056024930481
1.2030846323367104
0.7808259491468533
-0.7583184351486898
0.9508575787292605
1.2161295681929654
-0.4895108111303736
0.6084299991944649
1.53244065239902
-0.16919729243947873
0.20925832970331415
1.6988047753893007
0.16919729243947867
-0.20925832970331412
1.698804775389302
0.4895108111303731
-0.6084299991944644
1.5324406523990206
0.7583184351486894
-0.9508575787292598
1.2161295681929665
0.9493056024930481
-1.2030846323367097
0.7808259491468539
1.0466468266589986
-1.338104599144891
0.26906377311076124
1.0420475124191684
-1.3416886494305016
-0.2690623467600973
0.9349108723446589
-1.2143032820283255
-0.7808239680791336
0.7372774608255459
-0.9672627647024826
-1.2161338724124446
0.4710611183804227
-0.6228198615689856
-1.532447205046076
0.16189209359390322
-0.2149569813050855
-1.6988061285187135
-0.16189209359390283
0.214956981305085
-1.6988061285187135
-0.4710611183804241
0.6228198615689875
-1.532447205046076
-0.7372774608255436
0.9672627647024791
-1.216133872412447
-0.9349108723446564
1.2143032820283222
-0.7808239680791377
-1.042047512419168
1.3416886494305014
-0.2690623467601001
-1.095543985392441
1.4001729572685513
0.28157723736450463
-0.9941010243324321
1.258536050767329
0.817137247337142
-0.7943083065200199
0.9945153898236451
1.2726868373024456
-0.5127799738887155
0.6363340139423992
1.60371415396498
-0.17725762032034229
0.21884105340928067
1.7778187141647528
0.17725762032034215
-0.21884105340928062
1.7778187141647541
0.5127799738887152
-0.6363340139423989
1.6037141539649806
0.7943083065200195
-0.9945153898236444
1.2726868373024467
0.9941010243324322
-1.2585360507673284
0.8171372473371428
1.0955439853924407
-1.4001729572685504
0.2815772373645048
1.0902536221974444
-1.4042953436186854
-0.2815752530121303
0.9777379687681524
-1.271288729436186
-0.8171351040568515
0.7708944751160023
-1.012771243515212
-1.2726924677637426
0.49252125579518385
-0.6521355582624194
-1.603721691571832
0.16925444389571853
-0.22508459071039527
-1.7778202242596306
-0.16925444389571812
0.22508459071039486
-1.7778202242596297
-0.4925212557951853
0.6521355582624215
-1.6037216915718315
-0.7708944751159987
1.012771243515207
-1.2726924677637461
-0.9777379687681493
1.2712887294361819
-0.8171351040568571
-1.090253622197444
1.4042953436186851
-0.28157525301213404
-1.1444542696189806
1.462231029464377
0.29409042130052915
-1.0389254698638501
1.3139645225693006
0.8534477636719311
-0.8303255593384764
1.0381513093308485
1.329243570130397
-0.5360840904389291
0.6642097750343916
1.674987291228294
-0.18533479096963962
0.2284100026831481
1.8568326023366835
0.18533479096963953
-0.22841000268314815
1.856832602336685
0.5360840904389288
-0.6642097750343912
1.674987291228295
0.8303255593384758
-1.0381513093308479
1.3292435701303982
1.0389254698638506
-1.3139645225693002
0.8534477636719314
1.1444542696189806
-1.4622310294643766
0.2940904213005285
1.1384406261645335
-1.4669168251122506
-0.2940877549292882
1.0205375526643155
-1.3282952982218708
-0.8534455258885831
0.80448838513914
-1.0582972797450372
-1.3292506611096935
0.5139507537905403
-0.6814743092263794
-1.6749959106664083
0.17660256682498657
-0.23522277930000018
-1.8568342877008057
-0.1766025668249865
0.23522277930000018
-1.8568342877008048
-0.5139507537905422
0.6814743092263821
-1.6749959106664079
-0.8044883851391367
1.058297279745033
-1.3292506611096968
-1.0205375526643128
1.3282952982218668
-0.853445525888588
-1.138440626164533
1.4669168251122502
-0.29408775492929196
-1.1933773008778403
1.524279113417031
0.30660330667517444
-1.0837791543076245
1.369369864111995
0.8897574747745511
-0.8663747711270303
1.0817616584947063
1.3857996641895736
-0.5594257787186425
0.6920551321245116
1.7462600186685355
-0.19342905438960542
0.2379649562404279
1.935846435063184
0.19342905438960534
-0.23796495624042788
1.935846435063186
0.5594257787186424
-0.6920551321245116
1.7462600186685366
0.8663747711270297
-1.0817616584947056
1.3857996641895747
1.0837791543076247
-1.3693698641119947
0.8897574747745512
1.1933773008778403
-1.5242791134170306
0.30660330667517394
1.1866088938004329
-1.5295528060686072
-0.30659982440605327
1.0633091979388742
-1.3853232991241218
-0.8897552143146789
0.8380543607910355
-1.1038445311064247
-1.3858083588347503
0.5353474940237369
-0.7108376826857858
-1.7462698316086187
0.18393638418379984
-0.2453715959687779
-1.935848315841846
-0.18393638418380012
0.2453715959687784
-1.9358483158418451
-0.5353474940237388
0.7108376826857884
-1.7462698316086187
-0.8380543607910321
1.1038445311064204
-1.3858083588347536
-1.0633091979388716
1.3853232991241178
-0.8897552143146837
-1.1866088938004322
1.5295528060686066
-0.3065998244060571
-1.242312750234133
1.5863174674006812
0.3191158776059244
-1.1286624941956558
1.4247517311891924
0.926066352470496
-0.9024595801784316
1.1253435013525033
1.44235503112183
-0.5828067954556069
0.71986862307438
1.8175322978345274
-0.20154057862891808
0.2475057585004144
2.0148602077023527
0.20154057862891805
-0.2475057585004144
2.014860207702354
0.5828067954556067
-0.7198686230743796
1.8175322978345287
0.9024595801784312
-1.1253435013525026
1.4423550311218312
1.128662494195656
-1.4247517311891924
0.9260663524704965
1.2423127502341327
-1.5863174674006806
0.31911587760592497
1.2347587167795873
-1.5922030584702767
-0.31911143585635
1.1060522491332767
-1.442373217687918
-0.926064143883821
0.8715886667137073
-1.1494158147363127
-1.4423654842444538
0.5567101674235563
-0.7402266327169535
-1.8175434298149369
0.1912558836486614
-0.25553103983103836
-2.014862305918746
-0.19125588364866158
0.25553103983103864
-2.014862305918745
-0.5567101674235572
0.7402266327169545
-1.8175434298149373
-0.8715886667137044
1.149415814736309
-1.4423654842444567
-1.1060522491332736
1.4423732176879134
-0.9260641438838265
-1.2347587167795868
1.5922030584702764
-0.3191114358563529
-1.291260331181443
1.6483463163760304
0.3316281201786945
-1.1735760090308873
1.4801096971455519
0.962374365226911
-0.9385828746724354
1.168894495476825
1.4989095933222643
-0.6062283521569362
0.7476492221465867
1.888804094478487
-0.20966948934535548
0.25703228747136037
2.0938739157299566
0.20966948934535573
-0.25703228747136087
2.093873915729958
0.6062283521569358
-0.7476492221465861
1.8888040944784883
0.9385828746724351
-1.1688944954768248
1.498909593322265
1.1735760090308875
-1.4801096971455516
0.9623743652269117
1.2912603311814428
-1.6483463163760297
0.3316281201786954
1.2828903182424982
-1.6548674069783464
-0.3316225655685164
1.1487659433500812
-1.4994456209100135
-0.9623722850756786
0.9050884225726279
-1.1950132917744782
-1.498921973219166
0.5780379657192212
-0.7696417342024717
-1.8888166844371692
0.1985610857011163
-0.26570108503583323
-2.093876255341583
-0.1985610857011178
0.26570108503583517
-2.093876255341581
-0.5780379657192215
0.7696417342024721
-1.88881668443717
-0.905088422572625
1.1950132917744742
-1.4989219732191685
-1.148765943350078
1.4994456209100089
-0.962372285075684
-1.2828903182424982
1.6548674069783469
-0.3316225655685182
-1.340219792462574
1.710365857347753
0.3441400220612334
-1.2185202588289556
1.5354433024968834
0.9986814792531177
-0.9747469523721515
1.2124127659463944
1.5554632812609508
-0.6296913096506044
0.7753961846325355
1.9600753769029995
-0.21781588968569557
0.2665444386038912
2.1728875546937108
0.21781588968569596
-0.2665444386038919
2.1728875546937125
0.6296913096506039
-0.7753961846325349
1.9600753769030008
0.974746952372151
-1.212412765946394
1.5554632812609512
1.218520258828956
-1.5354433024968834
0.998681479253118
1.3402197924625736
-1.710365857347752
0.344140022061234
1.3310038625771077
-1.71754572139062
-0.34413319121225433
1.191449485783831
-1.5565410994159536
-0.9986796058179758
0.9385514081423979
-1.2406386174113007
-1.555477770952832
0.5993303955626899
-0.7990833241036022
-1.9600895770081346
0.20585202749275902
-0.27588169288232933
-2.172890161659334
-0.20585202749275944
0.27588169288232994
-2.172890161659331
-0.5993303955626899
0.799083324103602
-1.9600895770081352
-0.9385514081423947
1.2406386174112958
-1.5554777709528342
-1.1914494857838267
1.5565410994159479
-0.9986796058179839
-1.3310038625771075
1.7175457213906202
-0.3441331912122574
-1.3891909118147958
1.7723762643937115
0.3566515722203856
-1.2634958056158734
1.59075208555075
1.0349876592823932
-1.0109536494064146
1.255896803674824
1.6120160314390064
-0.6531962997157892
0.803108949509625
2.031346114971902
-0.2259798705682148
0.276042116447855
2.251901120185405
0.22597987056821545
-0.27604211644785587
2.2519011201854067
0.6531962997157883
-0.8031089495096241
2.031346114971903
1.010953649406414
-1.255896803674823
1.612016031439007
1.2634958056158738
-1.59075208555075
1.0349876592823932
1.3891909118147954
-1.7723762643937104
0.3566515722203869
1.3790994646992831
-1.780237909502469
-0.35664329144301055
1.2341020948394592
-1.6136602329470433
-1.0349860725340485
0.9719759104209641
-1.2862930585161938
-1.6120328295668063
0.6205871647370836
-0.8285515877726146
-2.031362090648158
0.21312875475648385
-0.2860728179128054
-2.2519040225376785
-0.21312875475648274
0.28607281791280414
-2.251904022537676
-0.6205871647370833
0.8285515877726142
-2.031362090648158
-0.9719759104209607
1.2862930585161885
-1.6120328295668083
-1.2341020948394557
1.613660232947039
-1.0349860725340543
-1.3790994646992825
1.7802379095024683
-0.3566432914430138
-1.4381734905422627
1.8343776929594
0.36916276069396314
-1.308503190641919
1.646035600558082
1.071292869122738
-1.0472044416981878
1.2993453852841756
1.6685677848543887
-0.6767438023083197
0.8307870775160515
2.1026162794988834
-0.23416151614717873
0.2855252302336924
2.330914607822283
0.23416151614717934
-0.28552523023369314
2.330914607822285
0.6767438023083187
-0.8307870775160506
2.1026162794988847
1.0472044416981874
-1.299345385284175
1.6685677848543887
1.3085031906419191
-1.6460356005580823
1.0712928691227375
1.4381734905422623
-1.834377692959399
0.36916276069396436
1.4271771983406112
-1.8429439106718628
-0.36915284560203043
1.2767230276659898
-1.6708035708638092
-1.0712916508482233
1.0053606058776776
-1.3319775841638186
-1.6685871063777962
0.641808111390808
-0.8580466125299275
-2.102634209584285
0.2203913176511911
-0.29627441106613794
-2.330917835743476
-0.220391317651192
0.2962744110661393
-2.330917835743472
-0.6418081113908085
0.8580466125299282
-2.102634209584285
-1.0053606058776734
1.3319775841638126
-1.6685871063777986
-1.2767230276659862
1.6708035708638047
-1.0712916508482304
-1.4271771983406105
1.8429439106718626
-0.36915284560203365
-1.4871673489462465
1.8963702834743739
0.3816735784103707
-1.3535429217611719
1.701293427800839
1.107597072035281
-1.0835005238908624
1.3427575107056144
1.7251184858567272
-0.7003341953384681
0.8584302111618346
2.173885841858409
-0.2423609067923244
0.29499369147916865
2.409928013233588
0.24236090679232464
-0.294993691479169
2.40992801323359
0.700334195338467
-0.8584302111618336
2.1738858418584095
1.083500523890862
-1.3427575107056136
1.725118485856727
1.3535429217611716
-1.7012934278008387
1.1075970720352812
1.4871673489462456
-1.8963702834743725
0.3816735784103731
1.4752371032893177
-1.9056636903130997
-0.3816618334937832
1.3193115932860906
-1.7279716221617263
-1.1075963060486407
1.038704470557701
-1.3776929346813256
-1.7251405626405374
0.6629931593504863
-0.8875684214383415
-2.1739059188501706
0.22763976858132767
-0.30648642135459314
-2.409931599133026
-0.2276397685813292
0.3064864213545953
-2.409931599133021
-0.6629931593504859
0.887568421438341
-2.1739059188501715
-1.038704470557697
1.3776929346813203
-1.7251405626405396
-1.319311593286087
1.7279716221617216
-1.1075963060486487
-1.4752371032893172
1.9056636903130992
-0.38166183349378646
-1.5361723225365025
1.9583541643502214
0.3941840170512471
-1.3986154672847175
1.7565251785422467
1.1439002309896609
-1.1198428704267107
1.3861323548478213
1.7816680812921288
-0.7239677872268971
0.8860380485294763
2.245154773731495
-0.2505781207533269
0.30444741266691117
2.4889413320502505
0.25057812075332664
-0.30444741266691083
2.488941332050253
0.7239677872268959
-0.8860380485294749
2.2451547737314965
1.11984287042671
-1.3861323548478202
1.7816680812921282
1.3986154672847175
-1.7565251785422467
1.1439002309896609
1.5361723225365016
-1.95835416435022
0.39418401705124906
1.5232791914854742
-1.9683972351523802
-0.39417023521625355
1.3618671580162798
-1.7851648513941705
-1.1439000033873397
1.0720067116849532
-1.423439674130344
-1.7816931626310422
0.6841422894826
-0.9171169949126823
-2.2451772040936073
0.2348741610303162
-0.3167087967804618
-2.4889453106427797
-0.23487416103031752
0.31670879678046376
-2.488945310642774
-0.6841422894825994
0.9171169949126814
-2.2451772040936087
-1.0720067116849479
1.4234396741303368
-1.7816931626310464
-1.3618671580162758
1.7851648513941651
-1.1439000033873485
-1.523279191485474
1.9683972351523797
-0.39417023521625566
-1.5851882589229436
2.0203294544408883
0.4066940689431507
-1.4437212538764066
1.8117304967659653
1.1802023088332636
-1.1562322827383453
1.4294692302187693
1.8382165198620555
-0.7476448384969208
0.9136103258688526
2.316423046935472
-0.25881323511178767
0.31388630650030935
2.5679545598966325
0.2588132351117868
-0.31388630650030813
2.567954559896636
0.7476448384969193
-0.9136103258688507
2.316423046935473
1.156232282738345
-1.4294692302187684
1.8382165198620548
1.4437212538764064
-1.8117304967659653
1.180202308833264
1.5851882589229427
-2.0203294544408865
0.4066940689431529
1.571303452152847
-2.031144549286788
-0.4066780310360678
1.4043891462198543
-1.842383678170498
-1.1802027082666708
1.1052667156271847
-1.4692182301919567
-1.8382448729736702
0.7052555210800412
-0.9466922847439024
-2.316448051449919
0.24209454892714397
-0.3269414848494917
-2.5679589682818316
-0.24209454892714638
0.3269414848494951
-2.5679589682818262
-0.7052555210800401
0.9466922847439011
-2.3164480514499206
-1.1052667156271794
1.4692182301919499
-1.8382448729736742
-1.4043891462198503
1.8423836781704925
-1.1802027082666797
-1.5713034521528473
2.031144549286788
-0.4066780310360688
-1.6342150152831436
2.082296265047429
0.41920372697407926
-1.4888606669033242
1.8669090589623065
1.216503268400882
-1.1926694258510324
1.472767558122059
1.894763751834198
-0.7713655762860891
0.9411468058812947
2.3876906333072707
-0.2670663263395907
0.32331028547850665
2.6469676923835896
0.2670663263395895
-0.32331028547850515
2.6469676923835928
0.7713655762860885
-0.941146805881294
2.387690633307271
1.1926694258510318
-1.4727675581220583
1.8947637518341975
1.488860666903324
-1.8669090589623065
1.2165032684008823
1.6342150152831427
-2.082296265047427
0.41920372697408137
1.6193098560549957
-2.0939056509062106
-0.4191852012955757
1.4468770383423835
-1.8996284787309938
-1.2165043863514855
1.1384840082312087
-1.5150289245368658
-1.8947956621431947
0.726332899601186
-0.976294223324129
-2.38771844745662
0.24930098629726521
-0.33718443286648564
-2.646972570125759
-0.24930098629726744
0.33718443286648886
-2.6469725701257536
-0.7263328996011843
0.9762942233241267
-2.3877184474566224
-1.1384840082312018
1.5150289245368571
-1.8947956621432003
-1.446877038342379
1.8996284787309883
-1.2165043863514942
-1.6193098560549959
2.0939056509062106
-0.4191852012955768
-1.7323012916709086
2.206204186410688
0.44422190851912463
-1.5792567354835674
1.9771726912133714
1.2891013550701453
-1.2657350877281281
1.5592094287745542
2.0078531503318433
-0.8190067773734454
0.9960562217326141
2.530222285965537
-0.28362745350722374
0.34211274027719196
2.8049936293672473
0.28362745350722207
-0.3421127402771899
2.804993629367251
0.8190067773734445
-0.9960562217326131
2.5302222859655377
1.2657350877281275
-1.5592094287745533
2.007853150331843
1.5792567354835672
-1.9771726912133714
1.2891013550701458
1.7323012916709075
-2.2062041864106856
0.4442219085191267
1.7152651566227461
-2.219472201417622
-0.44419763191758443
1.5317256866513769
-2.0142147131763943
-1.289103985219252
1.2047352941673946
-1.6067880434048927
-2.007893103389073
0.768314591018429
-1.0356268697712419
-2.530256774411548
0.2636727971269162
-0.3577005865984353
-2.804999588345595
-0.2636727971269184
0.3577005865984383
-2.8049995883455896
-0.7683145910184254
1.0356268697712372
-2.5302567744115514
-1.2047352941673888
1.6067880434048856
-2.0078931033890774
-1.5317256866513727
2.0142147131763886
-1.2891039852192618
-1.7152651566227468
2.2194722014176227
-0.4441976319175859
-1.8304294686337153
2.3300792607817398
0.46923843976394747
-1.6697922460401806
2.0873251353167843
1.361694470565237
-1.3389975715691602
1.6454917471150474
2.120937057247161
-0.8668047054053121
1.0508364524398708
2.6727511756661886
-0.30026123110945957
0.36085469676329246
2.9630191225936318
0.30026123110945785
-0.36085469676329035
2.963019122593634
0.8668047054053112
-1.0508364524398697
2.672751175666189
1.338997571569159
-1.6454917471150463
2.120937057247161
1.6697922460401795
-2.087325135316783
1.3616944705652365
1.8304294686337141
-2.330079260781737
0.46923843976394985
1.8111475062428124
-2.3450950145004126
-0.4692073073354101
1.6164309394322165
-2.1289098968800464
-1.3616989918417448
1.2708134753329499
-1.6986769131283865
-2.120986470103441
0.8101769173747174
-1.0950477303743
-2.6727934607648716
0.27798927620537955
-0.37825734211345996
-2.9630263526241296
-0.2779892762053819
0.37825734211346296
-2.9630263526241243
-0.8101769173747138
1.0950477303742954
-2.6727934607648747
-1.270813475332944
1.6986769131283805
-2.1209864701034453
-1.616430939432212
2.1289098968800406
-1.3616989918417544
-1.811147506242813
2.345095014500413
-0.4692073073354118
-1.9285985402165844
2.4539222712167197
0.49425327837944316
-1.760468753365708
2.197365013448952
1.4342823224407486
-1.4124567961297219
1.7316142305302542
2.2340151727133217
-0.9147687854522989
1.1054794045898795
2.8152769445836427
-0.3169683732631721
0.37953531308283844
3.1210441395211905
0.3169683732631692
-0.37953531308283484
3.121044139521192
0.9147687854522987
-1.105479404589879
2.8152769445836436
1.4124567961297212
-1.731614230530254
2.2340151727133213
1.7604687533657069
-2.1973650134489513
1.4342823224407477
1.9285985402165833
-2.453922271216717
0.4942532783794459
1.9069563511570409
-2.4707744769690465
-0.494214065417965
1.700990737696771
-2.2437154263589107
-1.4342891490156728
1.3367207197658113
-1.790693627078086
-2.2340756361856364
0.8519105665470571
-1.1545635248554948
-2.8153282731201372
0.29225095049070565
-0.3988541738342216
-3.1210528541021465
-0.2922509504907094
0.39885417383422656
-3.121052854102142
-0.8519105665470523
1.154563524855489
-2.8153282731201412
-1.3367207197658053
1.7906936270780796
-2.234075636185642
-1.7009907376967657
2.2437154263589045
-1.4342891490156833
-1.9069563511570415
2.4707744769690465
-0.49421406541796853
-2.026807537302321
2.5777339720329957
0.5192663875903111
-1.8512873136265706
2.3072913456350386
1.5068646247206994
-1.4861139562812125
1.817575559693402
2.347087152650539
-0.9629049077413314
1.1599798317742178
2.957799283771912
-0.3337495407459634
0.39815379681381446
3.2790686454735067
0.3337495407459604
-0.398153796813811
3.279068645473509
0.9629049077413302
-1.1599798317742165
2.9577992837719136
1.486113956281212
-1.817575559693402
2.3470871526505386
1.8512873136265704
-2.307291345635038
1.506864624720698
2.0268075373023198
-2.577733972032993
0.5192663875903138
2.0026910554422614
-2.596511037084292
-0.5192177420637892
1.7854036964960902
-2.358632183015235
-1.5068742123988224
1.402457137681512
-1.8828378270499317
-2.3471604263705275
0.8935108966448476
-1.2141774645560672
-2.957861043837571
0.3064582820581797
-0.4194906197915606
-3.279079082393452
-0.306458282058185
0.41949061979156765
-3.2790790823934475
-0.8935108966448432
1.2141774645560617
-2.957861043837575
-1.4024571376815063
1.8828378270499253
-2.3471604263705332
-1.7854036964960849
2.3586321830152293
-1.5068742123988323
-2.002691055442263
2.596511037084293
-0.5192177420637913
-2.125055508977965
2.7015151035970586
0.544277735621594
-1.9422486987169636
2.4171033783854248
1.5794410939491303
-1.5599706423101232
1.9033740888611672
2.460152630677544
-1.0112170228606205
1.21433404909706
3.100317909193019
-0.3506053744721451
0.4167093712723176
3.437092604181964
0.3506053744721425
-0.41670937127231455
3.437092604181966
1.0112170228606192
-1.2143340490970587
3.10031790919302
1.559970642310123
-1.9033740888611677
2.460152630677543
1.9422486987169634
-2.4171033783854243
1.579441093949129
2.1250555089779635
-2.701515103597056
0.5442777356215974
2.0983509402372444
-2.722305174438097
-0.544218171028602
1.8696687399018619
-2.473660810759015
-1.5794539427593468
1.4680222213394964
-1.9751096176200964
-2.460240647761791
0.9349756836286964
-1.2738909506447866
-3.1003916406198333
0.32061170370703496
-0.4401662481018248
-3.437105026622885
-0.32061170370703973
0.4401662481018309
-3.4371050266228824
-0.9349756836286934
1.2738909506447833
-3.1003916406198373
-1.468022221339492
1.9751096176200922
-2.460240647761796
-1.869668739901856
2.473660810759008
-1.5794539427593581
-2.0983509402372458
2.7223051744380977
-0.5442181710286063
-2.2233415120534277
2.8252664006211794
0.5692872954797359
-2.033353492095713
2.526800508618492
1.6520114476897936
-1.6340284819716007
1.989008135544523
2.5732112280211688
-1.059707982885268
1.2685392539641098
3.242832549006639
-0.3675365095905778
0.4352012606549779
3.5951159780560795
0.3675365095905759
-0.4352012606549756
3.595115978056083
1.059707982885267
-1.2685392539641085
3.24283254900664
1.6340284819716007
-1.9890081355445237
2.5732112280211674
2.0333534920957126
-2.526800508618491
1.6520114476897927
2.223341512053427
-2.825266400621177
0.5692872954797389
2.1939353021958174
-2.8481573857775437
-0.5692151838490384
1.9537849655635904
-2.5888018191613353
-1.652028103205898
1.5334154009275445
-2.067509148767257
-2.57331610357405
0.9763040003773106
-1.3337044176315584
-3.2429199514974383
0.33471163316070757
-0.46088064309031923
-3.5951306759004567
-0.3347116331607137
0.4608806430903271
-3.595130675900455
-0.976304000377309
1.3337044176315562
-3.242919951497442
-1.5334154009275398
2.067509148767252
-2.573316103574055
-1.9537849655635846
2.5888018191613287
-1.652028103205909
-2.1939353021958206
2.8481573857775464
-0.569215183849039
-2.321664604760477
2.9489885972565038
0.5942950448768081
-2.1246021361735594
2.636382246155095
1.7245754039794934
-1.708289007082364
2.0744760894309877
2.6862625582598483
-1.1083800002123498
1.3225931547565175
3.3853429364821452
-0.38454358171404773
0.45362868314626603
3.753138728310311
0.3845435817140456
-0.45362868314626353
3.7531387283103146
1.108380000212349
-1.3225931547565162
3.385342936482146
1.708289007082364
-2.0744760894309877
2.686262558259847
2.124602136173559
-2.636382246155094
1.724575403979493
2.3216646047604756
-2.9489885972565006
0.5942950448768124
2.289443423612148
-2.9740681772207793
-0.5942086098179332
2.0377515934202752
-2.704055623313357
-1.7245964585140763
1.598636239411609
-2.1600364707112334
-2.686386599027645
1.0174956370860102
-1.3936177685779014
-3.3854458770114517
0.3487584790037609
-0.4816333992685561
-3.7531560195406883
-0.3487584790037671
0.48163339926856424
-3.7531560195406866
-1.0174956370860093
1.3936177685779003
-3.3854458770114557
-1.5986362394116058
2.16003647071123
-2.686386599027649
-2.0377515934202677
2.7040556233133475
-1.724596458514087
-2.2894434236121515
2.974068177220782
-0.5942086098179342
-2.4200238424894827
3.0726824299874114
0.6193009661297278
-2.215994959272551
2.7458481925102394
1.7971326811787458
-1.7827536154815091
2.1597764440843243
2.7993062294315556
-1.1572349056806586
1.3764937614320387
3.527848805875845
-0.4016272298000055
0.47199084753499804
3.911160815015898
0.40162722980000276
-0.4719908475349948
3.9111608150159007
1.1572349056806577
-1.376493761432038
3.5278488058758457
1.7827536154815091
-2.1597764440843243
2.7993062294315543
2.21599495927255
-2.7458481925102376
1.7971326811787462
2.4200238424894813
-3.0726824299874083
0.6193009661297322
2.3848745788290002
-3.1000380593343815
-0.6191982759674275
2.121567943309917
-2.8194225597754454
-1.797158774611143
1.6636844816259313
-2.252691497898961
-2.7994519435044927
1.0585507912404362
-1.4536306073473468
-3.5279693259599982
0.3627526433046613
-0.5024241186254592
-3.911181047158693
-0.3627526433046657
0.502424118625465
-3.911181047158691
-1.058550791240434
1.453630607347344
-3.527969325960002
-1.6636844816259273
2.2526914978989563
-2.799451943504498
-2.1215679433099117
2.8194225597754388
-1.7971587746111533
-2.3848745788290038
3.100038059334384
-0.6191982759674309
-2.5184182755120257
3.1963486401107515
0.6443050462748209
-2.3075321934455175
2.8551980269648296
1.8696829979576362
-1.8574235718566874
2.244907797005368
2.91234184490191
-1.2062742978962544
1.4302392640697223
3.6703498899324063
-0.418788097551959
0.4902869514423387
4.069182197112114
0.41878809755195656
-0.49028695144233597
4.069182197112117
1.2062742978962533
-1.4302392640697217
3.670349889932407
1.8574235718566876
-2.2449077970053684
2.912341844901908
2.3075321934455157
-2.855198026964828
1.8696829979576364
2.5184182755120244
-3.196348640110749
0.6443050462748237
2.4802280387112576
-3.2260675436882646
-0.6441840071349894
2.205233423139517
-2.934902895612702
-1.8697148186033368
1.7285600480031869
-2.345474014921008
-2.912511951563417
1.0994698966945202
-1.5137423663547398
-3.6704902129831756
0.3766945228328113
-0.5232524093416665
-4.0692057487103215
-0.37669452283281635
0.5232524093416735
-4.069205748710319
-1.0994698966945184
1.513742366354737
-3.6704902129831787
-1.7285600480031806
2.3454740149210003
-2.912511951563425
-2.205233423139511
2.9349028956126944
-1.8697148186033485
-2.4802280387112607
3.2260675436882678
-0.644184007134993
-2.616846947058219
3.319987974771698
0.6693072770202977
-2.3992139877587944
2.9644314961987814
1.9422260733722705
-1.9323000226745135
2.3298688380786
3.0253690036412073
-1.255499631856458
1.4838279605801015
3.8128459183078496
-0.4360268341457631
0.5085161803198979
4.227202832394486
0.436026834145761
-0.5085161803198958
4.227202832394489
1.2554996318564566
-1.4838279605801004
3.8128459183078496
1.932300022674513
-2.3298688380786
3.0253690036412055
2.399213987758793
-2.9644314961987797
1.9422260733722703
2.6168469470582174
-3.3199879747716947
0.6693072770203025
2.5755030739354257
-3.352157140315083
-0.6691656260881335
2.2887475218425397
-3.050496837393269
-1.9422643598937732
1.793263009848645
-2.438383695469544
-3.025566442800138
1.1402535268219862
-1.5739523787458267
-3.8130084571537792
0.3905845096601716
-0.5441178851429577
-4.227230114505545
-0.39058450966017616
0.5441178851429639
-4.2272301145055415
-1.1402535268219829
1.5739523787458225
-3.813008457153783
-1.7932630098486377
2.4383836954695357
-3.025566442800147
-2.2887475218425344
3.050496837393262
-1.9422643598937848
-2.5755030739354288
3.3521571403150863
-0.6691656260881392
-2.715308892297639
3.4436011878622166
0.6943076547995977
-2.4910404189883
3.0735484059645457
2.0147616269361803
-2.007384014582358
2.4146583350452526
3.138387300227755
-1.3049122727954403
1.5372582126406016
3.9553366165310964
-0.45334409463731534
0.5266777068284233
4.385222677489621
0.4533440946373131
-0.5266777068284209
4.385222677489625
1.3049122727954394
-1.5372582126406007
3.9553366165310964
2.0073840145823576
-2.4146583350452535
3.1383873002277527
2.4910404189882995
-3.073548405964545
2.0147616269361803
2.7153088922976374
-3.4436011878622135
0.6943076547996027
2.670698957489363
-3.4783073558189823
-0.6941429534612775
2.372109800146047
-3.1662045352513286
-2.0148071694095098
1.8577935615793721
-2.531420123496877
-3.1386152417908515
1.1809023382902606
-1.6342599202041486
-3.955523981113122
0.4044229914842696
-0.5650201649560281
-4.385254135208211
-0.4044229914842757
0.5650201649560365
-4.385254135208209
-1.1809023382902561
1.634259920204143
-3.9555239811131258
-1.857793561579363
2.531420123496866
-3.1386152417908644
-2.3721098001460423
3.166204535251323
-2.014807169409521
-2.6706989574893663
3.4783073558189863
-0.6941429534612832
-2.8138031376879082
3.567189040509605
0.7193061808163269
-2.5830115005685004
3.1825486141161075
2.087289378699795
-2.082676511978508
2.4992751195291447
3.2513963247322484
-1.3545135296071305
1.5905284182384467
4.097821705288629
-0.4707405402170689
0.5447706904054288
4.543241687822111
0.47074054021706657
-0.5447706904054264
4.543241687822116
1.35451352960713
-1.590528418238446
4.097821705288629
2.0826765119785087
-2.499275119529147
3.2513963247322457
2.5830115005685
-3.182548614116107
2.0872893786997944
2.8138031376879056
-3.5671890405096014
0.7193061808163341
2.765814966543006
-3.604518691933266
-0.7191158078827193
2.4553198836681385
-3.2820260892968194
-2.0873430199851666
1.9221519955150796
-2.6245828123993373
-3.2516581777833613
1.2214170376731945
-1.6946642336987086
-4.098036710527166
0.4182103518259197
-0.5859588727104497
-4.5432778018286655
-0.41821035182592625
0.5859588727104584
-4.543277801828666
-1.2214170376731908
1.6946642336987032
-4.098036710527169
-1.9221519955150685
2.624582812399323
-3.2516581777833764
-2.4553198836681323
3.282026089296813
-2.0873430199851803
-2.76581496654301
3.6045186919332703
-0.7191158078827248
-2.9123287006161287
3.6907523013311185
0.7443028610925597
-2.6751271902071188
3.291432024672519
2.1598090493278783
-2.1581784122557495
2.583718074861696
3.3643956625587603
-1.4043046760093774
1.6436369942011402
4.240300899907197
-0.4882168383834804
0.5627942769304694
4.70125981757681
0.48821683838347835
-0.5627942769304672
4.701259817576815
1.4043046760093771
-1.6436369942011397
4.240300899907196
2.1581784122557504
-2.5837180748616984
3.3643956625587577
2.6751271902071188
-3.291432024672519
2.159809049327877
2.9123287006161265
-3.6907523013311154
0.7443028610925645
2.860850383856401
-3.7307916444455023
-0.7440840060538199
2.538377455941701
-3.397961555095111
-2.1598716864430223
1.9863386807644308
-2.717871220983412
-3.3646950844136803
1.2617983612213577
-1.7551645444293849
-4.240546573729006
0.43194697016384515
-0.6069336372171045
-4.701301105712774
-0.4319469701638497
0.6069336372171109
-4.7013011057127745
-1.2617983612213544
1.7551645444293795
-4.240546573729008
-1.9863386807644194
2.717871220983397
-3.364695084413696
-2.5383774559416947
3.3979615550951046
-2.159871686443036
-2.8608503838564054
3.730791644445507
-0.7440840060538254
-3.0108845892418925
3.8142917465267816
0.7692977065198519
-2.7673873964019955
3.4001985827324623
2.232320360174337
-2.2338905588558906
2.6679861264240152
3.4773848950463466
-1.4542869641931182
1.696582364860874
4.382773909960396
-0.5057736630765557
0.5807475984351335
4.859277019658253
0.5057736630765537
-0.5807475984351317
4.859277019658258
1.4542869641931182
-1.696582364860874
4.382773909960396
2.233890558855891
-2.667986126424017
3.4773848950463435
2.767387396401996
-3.4001985827324623
2.232320360174336
3.0108845892418903
-3.8142917465267785
0.7692977065198575
2.955804498821666
-3.857126702404761
-0.7690473628311859
2.621282251918111
-3.514010948749561
-2.2323929456470974
2.0503540462505714
-2.8112847662604428
-3.4777257994448254
1.3020470623775078
-1.8157600690139946
-4.383053501474058
0.44563322203962596
-0.6279440920810394
-4.859324038529464
-0.445633222039631
0.6279440920810464
-4.859324038529463
-1.3020470623775018
1.815760069013985
-4.38305350147406
-2.0503540462505585
2.811284766260427
-3.4777257994448436
-2.621282251918105
3.514010948749554
-2.232392945647111
-2.9558044988216707
3.857126702404766
-0.7690473628311917
-3.109469802477913
3.9378081598611336
0.794290732911757
-2.85979198402972
3.5088482701368817
2.30482303331314
-2.309813749830394
2.7520782316340107
3.5903635962875486
-1.5044616337500674
1.7493629545204061
4.525240438977016
-0.5234116947848654
0.5986297728363882
5.017293245648306
0.5234116947848643
-0.5986297728363872
5.017293245648309
1.5044616337500678
-1.749362954520407
4.525240438977016
2.309813749830394
-2.7520782316340116
3.5903635962875464
2.859791984029721
-3.508848270136882
2.304823033313139
3.1094698024779106
-3.9378081598611305
0.7942907329117632
3.0506766084074948
-3.983524347797805
-0.7940056913283415
2.70403405203836
-3.6301742515258444
-2.3049065765378773
2.114198567343531
-2.90482283349372
-3.590750164537816
1.3421639039422077
-1.8764500212246837
-4.525557426764902
0.4592694791414777
-0.6489898756336048
-5.017346592258072
-0.45926947914148364
0.6489898756336128
-5.017346592258069
-1.3421639039422029
1.8764500212246757
-4.525557426764903
-2.1141985673435166
2.9048228334937014
-3.5907501645378357
-2.704034052038355
3.6301742515258386
-2.3049065765378898
-3.050676608407484
3.983524347797789
-0.7940056913283473
-3.2080833300622174
4.061302332567556
0.8192819610715899
-2.9523407790769616
3.617381101689919
2.3773167917367695
-2.385948748467704
2.835993376096836
3.703331337496729
-1.5548299181667655
1.8019771829638163
4.6677001852481395
-0.5411316206406779
0.6164399036762597
5.1753084457624885
0.5411316206406769
-0.6164399036762587
5.175308445762493
1.554829918166776
-1.8019771829638274
4.667700185248168
2.3859487484677047
-2.8359933760968374
3.703331337496727
2.952340779076962
-3.617381101689919
2.3773167917367695
3.208083330062215
-4.061302332567553
0.819281961071598
3.145466017352981
-4.109985054697875
-0.818958802967923
2.7866326769079417
-3.746451413987266
-2.3774123601663186
2.17787275544335
-2.9984847840065747
-3.703768025055332
1.3821496530821533
-1.9372336156192649
-4.668058284720104
0.47285610937847594
-0.6700706308682982
-5.175368759176319
-0.4728561093784815
0.6700706308683059
-5.175368759176316
-1.382149653082148
1.9372336156192564
-4.668058284720105
-2.1778727554433357
2.998484784006556
-3.7037680250553517
-2.7866326769079355
3.746451413987259
-2.3774123601663337
-3.1454660173529883
4.1099850546978836
-0.818958802967937
-3.306724152692576
4.184775063206933
0.844271416833228
-3.0450335727474243
3.7257971220299195
2.449801359302574
-2.4622962883440818
2.919730566856435
3.8162876842035094
-1.6053930470185118
1.8544234600420004
4.81015283710608
-0.5589341344679243
0.6341770798221802
5.333322568814143
0.5589341344679206
-0.6341770798221762
5.333322568814145
1.605393047018521
-1.8544234600420098
4.810152837106109
2.4622962883440835
-2.9197305668564377
3.816287684203506
3.0450335727474243
-3.725797122029919
2.449801359302574
3.3067241526925737
-4.18477506320693
0.8442714168332364
3.2401720380101517
-4.236509288303045
-0.8439065075097767
2.8690779825842605
-3.8628423596628854
-2.4499100796937197
2.2413771499010573
-3.0922699612216356
-3.816779229894941
1.4220050781078144
-1.9981100698646863
-4.810556012471627
0.4863934769427894
-0.6911860053790276
-5.333390531849257
-0.4863934769427919
0.691186005379031
-5.333390531849254
-1.42200507810781
1.998110069864679
-4.810556012471627
-2.241377149901041
3.092269961221615
-3.8167792298949617
-2.869077982584254
3.8628423596628787
-2.449910079693735
-3.240172038010159
4.236509288303055
-0.8439065075097905
-3.405391242201216
4.308227157500852
0.8692591310612394
-3.1378701249230474
3.8340964029077584
2.522276460830519
-2.538857078467221
3.003288828316295
3.929232196484266
-1.6561522513857279
1.9067001860274027
4.952598079540686
-0.5768199369826016
0.6518403753449463
5.491335562139539
0.5768199369825964
-0.6518403753449407
5.491335562139541
1.6561522513857372
-1.9067001860274115
4.952598079540715
2.5388570784672244
-3.0032888283163004
3.9292321964842625
3.1378701249230465
-3.834096402907757
2.5222764608305197
3.4053912422012136
-4.308227157500849
0.8692591310612462
3.3347939922992373
-4.363097507047676
-0.8688486133065242
2.9513698564511706
-3.9793469882762724
-2.5223995203532357
2.3047123117606616
-3.186177695326158
-3.92978363134715
1.4617309463668389
-2.0590786062369006
-4.953050549081137
0.4998819423685211
-0.7123356512991422
-5.491411903118771
-0.4998819423685246
0.7123356512991471
-5.4914119031187685
-1.4617309463668335
2.0590786062368918
-4.953050549081138
-2.3047123117606434
3.1861776953261356
-3.929783631347173
-2.951369856451162
3.979346988276263
-2.5223995203532565
-3.334793992299243
4.363097507047684
-0.8688486133065408
-3.504083561743599
4.431659428124558
0.8942451397865634
-3.230850167113019
3.9422790408739763
2.5947418221904224
-2.6156318063113577
3.0866671979702494
4.0421644267744155
-1.7071087640354472
1.9588057480407153
5.095035589438375
-0.594789735749539
0.6694288491151587
5.649347371580059
0.5947897357495331
-0.6694288491151521
5.649347371580061
1.707108764035457
-1.9588057480407244
5.095035589438403
2.615631806311363
-3.086667197970256
4.042164426774411
3.230850167113018
-3.9422790408739745
2.5947418221904246
3.504083561743597
-4.431659428124556
0.8942451397865683
3.429331210379586
-4.4897501605734105
-0.8937849272385893
3.033508213585094
-4.095965178516189
-2.5948804695227032
2.3678788189067395
-3.280207306879716
-4.042781084973556
1.501328022855685
-2.1201384525919003
-5.095541835469285
0.5133218625882743
-0.7335192252425295
-5.649432866093403
-0.5133218625882771
0.733519225242533
-5.649432866093401
-1.5013280228556807
2.120138452591893
-5.095541835469285
-2.367878818906721
3.2802073068796926
-4.042781084973578
-3.033508213585083
4.095965178516178
-2.5948804695227294
-3.429331210379591
4.4897501605734185
-0.893784927238612
-3.6028000660056696
4.555072694507566
0.9192294842237396
-3.3239734056991828
4.050345156168917
2.6671971709269853
-2.6926211438314787
3.1698647268669258
4.155083925062797
-1.758263821282122
2.010738519327613
5.237465036479878
-0.6128442452969879
0.6869415445822461
5.807357941424064
0.6128442452969818
-0.6869415445822392
5.807357941424065
1.7582638212821322
-2.0107385193276226
5.2374650364799065
2.692621143831485
-3.1698647268669333
4.155083925062791
3.3239734056991805
-4.050345156168913
2.6671971709269875
3.6028000660056683
-4.555072694507564
0.9192294842237436
3.5237830311215266
-4.616467690238793
-0.9187152548344217
3.1154929936303084
-4.212696790475755
-2.6673527166953916
2.4308772622923667
-3.374358109609038
-4.155771449502627
1.540797069296306
-2.1812888429943356
-5.238029814353982
0.5267135909853512
-0.7547363882460318
-5.807453414138715
-0.5267135909853559
0.7547363882460384
-5.807453414138714
-1.5407970692963033
2.181288842994331
-5.238029814353982
-2.43087726229235
3.374358109609016
-4.155771449502647
-3.1154929936302964
4.212696790475743
-2.66735271669542
-3.523783031121531
4.6164676902388
-0.9187152548344445
-3.7015397014156584
4.678467782633005
0.9442122107686969
-3.4172395211439075
4.158294887629816
2.7396422344467815
-2.7698257475843864
3.252880475043999
4.267990234514295
-1.8096186638456244
2.0624968581853986
5.379886083042366
-0.630984187189526
0.7043774895003546
5.9653672143573155
0.6309841871895187
-0.7043774895003465
5.965367214357316
1.8096186638456362
-2.0624968581854106
5.379886083042393
2.7698257475843926
-3.2528804750440066
4.267990234514288
3.417239521143906
-4.158294887629812
2.7396422344467815
3.701539701415658
-4.678467782633004
0.9442122107687002
3.618148802110458
-4.743250529125124
-0.9436394003481048
3.1973241580861167
-4.329541667753879
-2.739816053477982
2.4937082429973194
-3.4686294125807073
-4.268754586738577
1.5801388435189243
-2.242529018121238
-5.380514430195198
0.5400574774447922
-0.7759868057107886
-5.965473540868219
-0.5400574774447982
0.7759868057107973
-5.965473540868217
-1.5801388435189239
2.242529018121237
-5.3805144301951975
-2.4937082429973003
3.468629412580682
-4.268754586738599
-3.197324158086103
4.3295416677538645
-2.739816053478015
-3.618148802110464
4.743250529125132
-0.9436394003481243
-3.8003014063430522
4.801845524804013
0.9691933712025518
-3.5106481741104605
4.266128396323552
2.812076742692806
-2.847246261439698
3.3357135107429863
4.380882892518568
-1.861174537583755
2.1140791072875533
5.5222983839880815
-0.649210290098183
0.7217356956445795
6.123375131412657
0.649210290098175
-0.7217356956445706
6.123375131412658
1.861174537583767
-2.1140791072875653
5.522298383988109
2.8472462614397043
-3.335713510742995
4.380882892518559
3.5106481741104587
-4.266128396323548
2.812076742692806
3.8003014063430505
-4.80184552480401
0.9691933712025578
3.7124278796107175
-4.870099102073177
-0.9685571668359498
3.27900168796241
-4.446499639271675
-2.8122702735879925
2.5563723699242558
-3.563020521896261
-4.3817303614810585
1.6193540990489956
-2.3038582255159117
-5.52299562914455
0.5533538684019942
-0.7972701473430696
-6.1234932401348585
-0.553353868402
0.7972701473430777
-6.123493240134858
-1.6193540990489947
2.3038582255159095
-5.522995629144549
-2.5563723699242358
3.5630205218962345
-4.3817303614810825
-3.2790016879624
4.446499639271663
-2.8122702735880196
-3.712427879610723
4.870099102073184
-0.9685571668359697
-3.8990841113103696
4.925206759460709
0.9941730225876156
-3.6041990046317034
4.3738458615472355
2.884500426845968
-2.92488331808361
3.418362909088151
4.493761430730454
-1.9129326939950777
2.165483593113261
5.664701586486782
-0.6675232898683536
0.7390151585222045
6.28138163191829
0.6675232898683455
-0.7390151585221957
6.281381631918291
1.9129326939950904
-2.1654835931132745
5.664701586486809
2.924883318083617
-3.4183629090881613
4.4937614307304425
3.604199004631702
-4.373845861547234
2.8845004268459666
3.899084111310368
-4.925206759460706
0.9941730225876222
3.806619628500987
-4.997013825742261
-0.9934683562293294
3.360525581754875
-4.563570520842177
-2.8847151728509544
2.618870257986395
-3.6575307420200325
-4.4946986414534855
1.6584435848315846
-2.365275719740968
-5.665473358998608
0.5666031068894264
-0.81858608709491
-6.281512506022976
-0.5666031068894328
0.8185860870949193
-6.281512506022974
-1.6584435848315884
2.365275719740974
-5.665473358998606
-2.6188702579863765
3.657530742020007
-4.49469864145351
-3.360525581754865
4.563570520842166
-2.884715172850982
-3.8066196285009917
4.997013825742268
-0.9934683562293494
-3.9978867391883206
5.048552330974298
1.0191512273349899
-3.8456093837010004
4.759251507129744
2.012603426753333
-3.6978916324671895
4.481447478699695
2.956913018813502
-3.324111748137409
3.9520536397524864
3.8494776857216313
-3.0027375402659784
3.500827751124318
4.606625375001106
-2.407068106177288
2.7605134724292184
5.299738911271584
-1.964894390585615
2.216708625484922
5.8070953298393055
-1.2172481884933881
1.3602505081874041
6.179348377590037
-0.6859239295864089
0.7562148570765341
6.439386653444743
-0.000000000000004876111115195988
0.00000000000000538958453460829
6.44138163262403
0.6859239295863993
-0.7562148570765229
6.4393866534447435
1.2172481884933861
-1.3602505081874012
6.179348377590051
1.9648943905856269
-2.2167086254849346
5.807095329839334
2.4070681061773
-2.760513472429232
5.299738911271593
3.0027375402659864
-3.5008277511243304
4.606625375001091
3.324111748137414
-3.952053639752493
3.8494776857216206
3.697891632467188
-4.481447478699695
2.9569130188134984
3.845609383701
-4.759251507129742
2.0126034267533353
3.9978867391883197
-5.048552330974295
1.0191512273349959
3.9491858289028636
-5.088875126564985
-0.023470730188264358
3.900723422189434
-5.123995108684568
-1.0183727694078906
3.6544428765290777
-4.8875538616463015
-2.0617183272172364
3.4418958536958875
-4.680754116527544
-2.957150549197697
3.0069705569550633
-4.152136539468761
-3.9014813624841107
2.6812025266749213
-3.7521593768236783
-4.6076592972383175
2.0758496398088275
-2.9396017819546083
-5.346709369995316
1.6974080450497144
-2.4267807624625553
-5.807947569155134
1.0078027741062547
-1.4495700160110103
-6.199090361753754
0.5798055325798239
-0.8399343031058195
-6.439531332840702
-0.00000000000000405652906424041
0.0000000000000058864352816148996
-6.441512506728548
-0.5798055325798326
0.8399343031058322
-6.439531332840701
-1.007802774106258
1.449570016011015
-6.199090361753753
-1.6974080450497175
2.42678076246256
-5.807947569155133
-2.0758496398088226
2.939601781954603
-5.346709369995325
-2.6812025266749013
3.7521593768236516
-4.607659297238346
-3.006970556955046
4.152136539468739
-3.9014813624841427
-3.441895853695877
4.680754116527532
-2.9571505491977272
-3.654442876529076
4.8875538616463
-2.0617183272172572
-3.900723422189437
5.123995108684572
-1.0183727694079174
-3.9491858289028667
5.08887512656499
-0.02347073018828154
-4.096707053442538
5.171880754067874
1.0441441372887064
-3.943394507753439
4.875911371728097
2.061883701772283
-3.7914321268298345
4.588403084902548
3.030470304082687
-3.4119401805141467
4.047460943153907
3.943198616809164
-3.079692019370854
3.5813814491604483
4.721469224981857
-2.4742547135968187
2.826931021947095
5.4288693449403915
-2.014873857770265
2.2648113525389686
5.951276398325737
-1.253871159330432
1.3940064789059357
6.331398673373756
-0.7028294856633404
0.771592319827276
6.597746167882808
-0.000000000000004438666921268814
0.000000000000004884723230188352
6.601381633127725
0.7028294856633412
-0.7715923198272772
6.597746167882806
1.2538711593304266
-1.3940064789059288
6.331398673373772
2.0148738577702807
-2.264811352538984
5.951276398325764
2.474254713596832
-2.82693102194711
5.4288693449404
3.079692019370863
-3.581381449160461
4.721469224981842
3.4119401805141525
-4.047460943153914
3.943198616809152
3.7914321268298345
-4.5884030849025494
3.030470304082681
3.9433945077534385
-4.875911371728094
2.0618837017722864
4.096707053442537
-5.171880754067871
1.0441441372887124
4.046592483742654
-5.215807945731563
-0.02341585437884605
3.994543085250382
-5.250945289916933
-1.0444787516380232
3.742539190358515
-5.011711444678496
-2.1109517921092076
3.5222031696830176
-4.797181282101347
-3.031953290560522
3.078597390015846
-4.260174145986206
-3.995276204366083
2.741208993413342
-3.844461597057802
-4.723760649898058
2.1260080646668453
-3.0194382454156865
-5.475977585415001
1.7330190299094357
-2.484218394902798
-5.952974380941544
1.033695425435644
-1.491878402381801
-6.351207326783413
0.5910890977256797
-0.8585977093181658
-6.598037983887502
-0.000000000000005083456679874603
0.000000000000007392750870543592
-6.601512507232082
-0.5910890977258155
0.8585977093183631
-6.598037983887473
-1.0336954254356525
1.4918784023818128
-6.35120732678341
-1.733019029909379
2.4842183949027183
-5.9529743809415665
-2.1260080646668404
3.0194382454156816
-5.475977585415012
-2.741208993413326
3.844461597057782
-4.723760649898082
-3.0785973900158283
4.260174145986185
-3.995276204366115
-3.522203169683007
4.797181282101335
-3.0319532905605526
-3.742539190358513
5.011711444678494
-2.1109517921092324
-3.994543085250385
5.250945289916937
-1.0444787516380534
-4.046592483742657
5.215807945731568
-0.023415854378863503
-4.195544405159731
5.295195864227221
1.0691353659885132
-4.041253329183799
4.992505730947608
2.111172711363193
-3.8851531597231643
4.695228492052396
3.1039869714491863
-3.499895510473284
4.142722376574148
4.036948919392678
-3.1569962433571783
3.661698932983307
4.836243606906733
-2.541475280964184
2.893226812333309
5.558044665725271
-2.065229214137417
2.3127001390795408
6.09539788252847
-1.2904121023210948
1.427738181078007
6.48347408806635
-0.7198588453206949
0.7869429436603567
6.756095020918077
-0.000000000000003851844883598478
0.000000000000004220821187798538
6.761381633443749
0.7198588453207029
-0.7869429436603654
6.756095020918073
1.2904121023210855
-1.4277381810779954
6.483474088066368
2.0652292141374375
-2.3127001390795607
6.095397882528499
2.5414752809641983
-2.893226812333325
5.558044665725279
3.156996243357189
-3.661698932983321
4.8362436069067165
3.49989551047329
-4.142722376574155
4.036948919392665
3.8851531597231648
-4.695228492052398
3.10398697144918
4.041253329183797
-4.992505730947605
2.111172711363198
4.19554440515973
-5.295195864227218
1.0691353659885154
4.143958406443005
-5.342772016222632
-0.023372253270374205
4.088252144196385
-5.3779846459786995
-1.07054816442134
3.8305238819543037
-5.135933049920188
-2.1602233542517952
3.6023005459756603
-4.913797600765196
-3.106686446069484
3.150118976619641
-4.368222484435734
-4.089138972320008
2.8009801294574976
-3.9370246500866752
-4.839775702843635
2.1761535932525122
-3.099157268676447
-5.605323259069803
1.7685071579997882
-2.5418984753667146
-6.097935068999542
1.0596130646904247
-1.5340476294276097
-6.503358673362462
0.6023857141614132
-0.8773623424042424
-6.756531753488017
-0.000000000000006337897432062559
0.000000000000009238650952180702
-6.7615125075479625
-0.602385714161715
0.8773623424046816
-6.756531753487951
-1.059613064690436
1.5340476294276264
-6.503358673362458
-1.7685071579996758
2.5418984753665557
-6.097935068999586
-2.176153593252504
3.0991572686764366
-5.605323259069818
-2.8009801294574808
3.937024650086654
-4.839775702843661
-3.150118976619622
4.3682224844357105
-4.089138972320042
-3.6023005459756496
4.913797600765184
-3.1066864460695145
-3.830523881954301
5.135933049920186
-2.1602233542518237
-4.088252144196387
5.377984645978703
-1.0705481644213701
-4.143958406443008
5.342772016222637
-0.023372253270395535
-4.29439754918374
5.4184986358771825
1.0941250122447674
-4.139186358961479
5.109034595611279
2.160469216094868
-3.9790483073075578
4.8019275976216695
3.17746487377922
-3.5879930135964186
4.237827671750262
4.130724250759374
-3.2346194820372056
3.741801614538673
4.950952774912011
-2.608783612702268
2.95936022464825
5.687257514367418
-2.1159024628560212
2.3604169775574646
6.239464968255809
-1.3269296506833934
1.4614002056675266
6.6355705599588175
-0.7370100796488008
0.8022618439846064
6.914433792082543
-0.000000000000003091910997358869
0.000000000000003374169269580393
6.9213816336032705
0.737010079648812
-0.802261843984619
6.914433792082537
1.3269296506833799
-1.4614002056675095
6.635570559958837
2.115902462856045
-2.360416977557488
6.239464968255839
2.6087836127022825
-2.9593602246482664
5.687257514367424
3.234619482037218
-3.7418016145386894
4.9509527749119915
3.587993013596425
-4.23782767175027
4.13072425075936
3.979048307307558
-4.801927597621671
3.1774648737792144
4.139186358961478
-5.109034595611276
2.16046921609487
4.294397549183739
-5.418498635877181
1.0941250122447659
4.241282103687859
-5.469768460379658
-0.023338696263082423
4.181852515194558
-5.505111212896575
-1.0965828822550243
3.9183888101331643
-5.260225860478224
-2.209529050065845
3.6822043796034247
-5.030588261330179
-3.181354504678114
3.2215041225250878
-4.47630832477096
-4.183062409560593
2.860563964831261
-4.029807481923607
-4.955711515595657
2.226215430385285
-3.1788176111174224
-5.734737486668929
1.803926315526919
-2.599772204476575
-6.242835430485959
1.0855015240843715
-1.576123916559573
-6.65554071478456
0.6136914527748083
-0.896222877592805
-6.91501348898696
-0.000000000000007863645216248049
0.000000000000011490728452461356
-6.921512507707373
-0.6136914527752844
0.8962228775934991
-6.915013488986854
-1.0855015240843868
1.576123916559596
-6.655540714784551
-1.803926315526753
2.5997722044763387
-6.242835430486026
-2.2262154303852735
3.178817611117407
-5.734737486668949
-2.860563964831243
4.0298074819235845
-4.9557115155956835
-3.2215041225250642
4.476308324770932
-4.1830624095606375
-3.6822043796034136
5.030588261330166
-3.1813545046781457
-3.9183888101331608
5.260225860478222
-2.209529050065874
-4.181852515194562
5.505111212896581
-1.0965828822550545
-4.241282103687862
5.469768460379663
-0.023338696263103892
-4.393265253398557
5.54179003312373
1.1191131780096433
-4.237193796088334
5.225498188873767
2.209772093416741
-4.073112492870244
4.908503308087772
3.25090564537834
-3.676243397512579
4.332770134262938
4.224520831457604
-3.3125409011961535
3.8217028939261413
5.065600225771162
-2.6762137388068576
3.025307157892894
5.816502166439159
-2.1668579656108933
2.407985242799921
6.3834816231288425
-1.3634661278309927
1.494960773386377
6.787684905541425
-0.7542815458399399
0.8175445957548879
7.07276298697071
-0.000000000000002132466601511897
0.0000000000000023186383829858835
7.081381633653085
0.7542815458399514
-0.8175445957549012
7.0727629869707025
1.3634661278309756
-1.4949607733863566
6.787684905541445
2.1668579656109186
-2.407985242799946
6.383481623128872
2.6762137388068754
-3.025307157892914
5.816502166439164
3.3125409011961664
-3.8217028939261586
5.065600225771141
3.6762433975125846
-4.332770134262946
4.224520831457589
4.073112492870245
-4.908503308087774
3.250905645378334
4.237193796088332
-5.225498188873763
2.2097720934167455
4.393265253398556
-5.541790033123728
1.119113178009642
4.338562172600719
-5.596798329248427
-0.02331404868727152
4.275345528812612
-5.632323508236295
-1.122584580642146
4.006128119599187
-5.384595245234442
-2.258865346023554
3.761925705150854
-5.14754263168086
-3.25596137774512
3.292735024239711
-4.584448399802215
-4.277040507078879
2.9199878774010677
-4.1227844522623895
-5.0715738546084586
2.2761582835047713
-3.258452168901128
-5.864213540937197
1.8393014149867062
-2.6578122925026633
-6.387680004150358
1.1113274146337688
-1.6181380986857317
-6.807750543237258
0.6250028778750899
-0.9151744991598563
-7.073483952172198
-0.00000000000001240422128794398
0.000000000000018169443126793975
-7.081512507757121
-0.6250028778757227
0.9151744991607811
-7.073483952172055
-1.11132741463379
1.618138098685764
-6.807750543237247
-1.8393014149864964
2.6578122925023635
-6.387680004150445
-2.2761582835047554
3.2584521689011057
-5.864213540937221
-2.919987877401046
4.122784452262362
-5.0715738546084905
-3.292735024239687
4.584448399802187
-4.277040507078924
-3.761925705150846
5.147542631680851
-3.255961377745146
-4.006128119441444
5.384595245012335
-2.258865345953359
-4.275345528812615
5.6323235082363
-1.122584580642176
-4.338562172600721
5.596798329248432
-0.023314048687289493
-4.4921462970942825
5.665071010998848
1.1440999683558777
-4.335275601278068
5.34189689129042
2.2590803236267463
-4.167341591262631
5.014957852606121
3.324310733536779
-3.76465434126889
4.427545384963503
4.318335314338151
-3.3907459107675897
3.9014112122799434
5.180188883426013
-2.7437879724147898
3.091053116172237
5.945773941866865
-2.2180741880998722
2.4554166746761377
6.5274509178556315
-1.4000525774592965
1.5283973950334664
6.93981453459644
-0.7716718413833442
0.8327871399652411
7.231083050345217
-0.0000000000000009442454038223712
0.0000000000000010255262348156921
7.241381633654315
0.771671841383357
-0.8327871399652553
7.231083050345211
1.400052577459277
-1.5283973950334424
6.939814534596463
2.218074188099897
-2.4554166746761625
6.527450917855663
2.74378797241481
-3.09105311617226
5.945773941866869
3.390745910767604
-3.9014112122799625
5.18018888342599
3.764654341236633
-4.427545384928199
4.318335314311899
4.167341591262632
-5.0149578526061225
3.3243107335367736
4.335275601278066
-5.341896891290417
2.2590803236267494
4.4921462970942825
-5.665071010998847
1.1440999683558846
4.435797283439852
-5.7238626158842525
-0.023297260544675395
4.368732087608527
-5.759620407070983
-1.1485547593733212
4.093737524747117
-5.509045297346189
-2.3082290640668224
3.8414722011336697
-5.26465275552303
-3.3305105150340757
3.363801562066396
-4.692653548251207
-4.371068125630344
2.9792679911914695
-4.215938503573502
-5.18736759724304
2.3259645594921783
-3.3380806051225553
-5.993745957795666
1.8746416800600652
-2.7160033669637484
-6.5324724919302115
1.1370702541794038
-1.6601112600951926
-6.959985755765184
0.6363169552801868
-0.9342128270970366
-7.231943832652415
-0.000000000000017982027050860757
0.000000000000026406568135695654
-7.24151250775834
-0.6363169552809457
0.9342128270981479
-7.231943832652245
-1.1370702541794298
1.6601112600952328
-6.959985755765169
-1.8746416800598265
2.716003366963408
-6.532472491930312
-2.3259645594921547
3.3380806051225234
-5.993745957795699
-2.9792679911914446
4.21593850357347
-5.187367597243076
-3.3638015620663704
4.692653548251178
-4.371068125630393
-3.8414722011396067
5.264652755529756
-3.330510515017177
-4.093737524596281
5.509045297133539
-2.3082290639996783
-4.368732087605751
5.759620407069059
-1.1485547593928025
-4.435797283439854
5.723862615884259
-0.02329726054469753
-4.591039469659245
5.7883425164377185
1.1690854915019089
-4.433431549587393
5.458231202285383
2.3083929781570496
-4.261732165522304
5.1212929891321
3.3976814240809627
-3.8532314592918935
4.522150573342281
4.412164694691904
-3.4692239868074424
3.980931861528717
5.294721227871312
-2.811521633143239
3.15658917713273
6.075068860243831
-2.2695384894654964
2.5027157966879616
6.671375268616224
-1.4367121584406282
1.5616939758604453
7.091957272929551
-0.7891797709907741
0.847985716704229
7.389394375480125
-0.000000000000001119998831506104
0.0000000000000012091458452432988
7.401381633667129
0.7891797709907848
-0.847985716704241
7.389394375480118
1.4367121584406048
-1.5616939758604176
7.091957272929576
2.269538489465522
-2.5027157966879874
6.671375268616254
2.8115216331432613
-3.156589177132754
6.075068860243832
3.469223986809022
-3.980931861530763
5.294721227868808
3.8532314592405537
-4.522150573286251
4.4121646946500634
4.2617321655213605
-5.121292989130647
3.3976814240842836
4.43343154958739
-5.458231202285381
2.3083929781570527
4.591039469659245
-5.788342516437718
1.1690854915019115
4.532986166589226
-5.850962265349172
-0.02328735677985693
4.462012776393132
-5.887001054415932
-1.174494762878578
4.181213852968211
-5.633579194349335
-2.357617329180489
3.920849377551522
-5.381912456277299
-3.4050049876004915
3.4346981584936054
-4.8009310129102944
-4.465140774482373
3.0384140454832744
-4.309257607672426
-5.303096975846251
2.375625420775186
-3.4177157413470645
-6.123330076942781
1.909948131142027
-2.774336571093828
-6.677216029982077
1.1627176691566328
-1.7020581996880637
-7.112244300234045
0.6476309863026195
-0.9533338615550654
-7.390393757686367
-0.000000000000024785249081784928
0.00000000000003649121013525496
-7.401512507771179
-0.6476309863034678
0.9533338615563112
-7.390393757686176
-1.1627176691566636
1.7020581996881115
-7.112244300234027
-1.9099481311417652
2.7743365710934538
-6.677216029982188
-2.375625420775157
3.4177157413470245
-6.123330076942821
-3.0384140454832447
4.309257607672386
-5.303096975846294
-3.4346981584936502
4.800931012910352
-4.46514077448227
-3.920849377563058
5.381912456290306
-3.4050049875677413
-4.1812138529083756
5.6335791942651126
-2.3576173291544245
-4.4620127763876996
5.887001054412245
-1.1744947629162694
-4.53298616658922
5.850962265349184
-0.02328735678010667
-4.689943569524795
5.91160548905093
1.1940698588613432
-4.531661268861168
5.574501712564965
2.357709209670837
-4.356281286839558
5.22751014297684
3.4710188625913005
-3.9419789282318733
4.616583879113242
4.506006250180483
-3.547967345169625
4.060268077321593
5.409199384641548
-2.879425824537746
3.221909637068364
6.204383431367333
-2.321243819079076
2.5498827156345425
6.815256610862665
-1.4734624584278877
1.5948388585942546
7.244111248228915
-0.8068043211737707
0.8631368151324481
7.547697311167578
-0.0000000000000013229579779138103
0.0000000000000014202043819630156
7.561381633722856
0.806804321173781
-0.8631368151324599
7.547697311167569
1.4734624584278644
-1.5948388585942266
7.24411124822894
2.3212438190791005
-2.5498827156345665
6.815256610862695
2.8794258245377877
-3.2219096370684124
6.204383431367311
3.5479673451736375
-4.060268077326803
5.40919938463518
3.94197892817362
-4.6165838790498315
4.506006250132989
4.356281286837159
-5.2275101429731095
3.4710188625997995
4.531661268861159
-5.574501712564952
2.3577092096708823
4.689943569524794
-5.911605489050929
1.1940698588613423
4.6301276026100755
-5.978098182352954
-0.023283428846418784
4.555187941365198
-6.0144648019227125
-1.20040579728397
4.268554732368985
-5.758199430691233
-2.407027525290084
4.00006130360269
-5.499316782230095
-3.4794475494776447
3.505421981297185
-4.909285768161287
-4.559254471161152
3.09743197778285
-4.402732864554404
-5.418765727105747
2.4251363292621506
-3.497366773506054
-6.252961797662684
1.9452177648882198
-2.8328065337715946
-6.8219133568396115
1.1882624259646535
-1.743989592106212
-7.264524383401511
0.6589425578801765
-0.9725339379724041
-7.548834299890716
-0.000000000000033031206539702744
0.000000000000048758376522757833
-7.561512507826951
-0.6589425578810756
0.9725339379737277
-7.54883429989051
-1.1882624259646888
1.7439895921062671
-7.264524383401489
-1.9452177648879485
2.832806533771206
-6.821913356839727
-2.4251363292621133
3.497366773506004
-6.252961797662736
-3.0974319777828248
4.402732864554369
-5.418765727105783
-3.5054219812973675
4.909285768161512
-4.559254471160753
-4.00006130361643
5.499316782245504
-3.479447549438762
-4.268554732309205
5.758199430606984
-2.40702752526399
-4.555187941358678
6.014464801918388
-1.2004057973287174
-4.630127602610054
5.978098182352977
-0.02328342884709094
-4.788857403308494
6.034860861737468
1.2190531851035713
-4.629964268369966
5.690709084012196
2.407028243612093
-4.450986408730207
5.333610502022271
3.5443240718066655
-4.030899900277067
4.710844182441987
4.599857493914175
-3.626970113289379
4.139421713349727
5.523625188256562
-2.9475090711347764
3.287010636426108
6.333714523589703
-2.37318661744443
2.5969148948020746
6.9590965212517135
-1.5103170862904642
1.6278234857455744
7.396274814094041
-0.8245446397748005
0.8782371347682921
7.705992167188957
0.0000000000000001292390682327171
-0.00000000000000013309603117472429
7.72138163384088
0.8245446397748099
-0.8782371347683022
7.705992167188951
1.510317086290441
-1.6278234857455465
7.396274814094066
2.3731866174444542
-2.5969148948020986
6.959096521251744
2.9475090711348653
-3.287010636426212
6.333714523589628
3.6269701132960845
-4.139421713358459
5.5236251882459
4.030899900221186
-4.710844182381288
4.5998574938687256
4.450986408726208
-5.333610502015995
3.544324071820911
4.629964268369942
-5.690709084012155
2.4070282436122374
4.788857403308492
-6.034860861737466
1.2190531851035726
4.727220414525405
-6.105271237175716
-0.02328462736540319
4.6482577479321785
-6.142011161076214
-1.2262889457066943
4.355758383540023
-5.882907987954404
-2.456457262976812
4.079111067332097
-5.616861651731312
-3.55384068429711
3.5759718763297292
-5.01772131853556
-4.653405646012693
3.1563253431450513
-4.496357442859381
-5.534377187841824
2.4744948573864374
-3.577040878429524
-6.382637441891075
1.9804458506097602
-2.891409685899126
-6.966566917241538
1.2137005702098582
-1.7859133547280515
-7.416824412767827
0.6702495034569296
-0.9918096894719644
-7.7072659835460104
-0.000000000000040126344237306574
0.0000000000000593868149149298
-7.7215125079450315
-0.6702495034578534
0.9918096894733276
-7.707265983545794
-1.2137005702098929
1.7859133547281056
-7.416824412767799
-1.98044585060949
2.8914096858987395
-6.966566917241653
-2.474494857386396
3.5770408784294676
-6.382637441891131
-3.156325343145029
4.496357442859351
-5.534377187841853
-3.5759718763300716
5.01772131853598
-4.653405646011951
-4.079111067348006
5.616861651749068
-3.553840684252214
-4.3557583834803
5.882907987870126
-2.4564572629506873
-4.648257747924567
6.142011161071277
-1.2262889457583652
-4.727220414525364
6.105271237175754
-0.023284627366560992
-4.887779785114916
6.158109561172466
1.2440355882173537
-4.728339960514139
5.806854034804323
2.456349370937508
-4.545845277203806
5.439595083194792
3.61759796637761
-4.11999678532532
4.804930843769629
4.693716139116562
-3.706227797858575
4.218393668230121
5.638000228274474
-3.0157782851810073
3.3518893602257376
6.4630592784568455
-2.425365481699317
2.643808273864856
7.1028963026324385
-1.5472867791305098
1.6606414758904329
7.5484464978402475
-0.8424000189537976
0.8932835546590482
7.8642792187214345
0.00000000000000015109060827593522
-0.00000000000000015593379946654303
7.881381634031802
0.8424000189538059
-0.8932835546590573
7.864279218721426
1.5472867791304858
-1.6606414758904047
7.548446497840273
2.425365481699342
-2.643808273864881
7.102896302632469
3.0157782851811716
-3.3518893602259343
6.4630592784566865
3.7062277978677973
-4.218393668242163
5.638000228259782
4.119996785276715
-4.804930843716901
4.693716139077296
4.5458452771983255
-5.4395950831861155
3.6175979663972457
4.72833996051409
-5.806854034804236
2.4563493709378124
4.887779785114912
-6.158109561172462
1.2440355882173677
4.82426346176522
-6.232482270313037
-0.023290155720117854
4.741222223753764
-6.269639768056329
-1.2521451812319024
4.4428234693230015
-6.007706450718615
-2.5059043511549084
4.1580010728837955
-5.734543619686652
-3.628186642103915
3.646347712208244
-5.126240197117626
-4.747591073312734
3.2150961329006944
-4.5901259562063395
-5.649934360601456
2.5236996348637812
-3.656744011350133
-6.512353672471695
2.0156271576730505
-2.9501433406513797
-7.111178927228953
1.239030246970497
-1.8278355247664155
-7.569142957713823
0.6815498714198712
-1.0111580146925017
-7.86568928989663
-0.00000000000004856581638404043
0.00000000000007206506445679592
-7.881512508136015
-0.6815498714208023
1.0111580146938786
-7.8656892898964115
-1.2390302469705265
1.8278355247664626
-7.569142957713796
-2.015627157672787
2.950143340651004
-7.111178927229066
-2.523699634863734
3.65674401135007
-6.5123536724717574
-3.215096132900675
4.590125956206312
-5.649934360601482
-3.646347712208765
5.126240197118263
-4.747591073311607
-4.158001072901842
5.734543619706704
-3.628186642053118
-4.44282346926334
6.007706450634308
-2.5059043511287484
-4.741222223745067
6.26963976805081
-1.2521451812903486
-4.824263461765156
6.232482270313093
-0.02329015572182555
-4.986709535962982
6.281352508195352
1.2690171895725249
-4.826787677527391
5.92293732824338
2.5056719418277376
-4.6408558654680405
5.545464779592891
3.6908413654130086
-4.2092714475190425
4.898843553534932
4.787580071250181
-3.785736931313643
4.297184163628864
5.752325883890547
-3.084239338643591
3.4165435758847043
6.592415053574607
-2.477780318755243
2.6905579718409025
7.24665704351088
-1.5843801794746901
1.6932879799446132
7.70062496354397
-0.8603698807362635
0.9082731082611377
8.022558709971339
0.00000000000000017610161250286677
-0.00000000000000018186076117290733
8.041381634299547
0.8603698807362706
-0.9082731082611454
8.022558709971332
1.5843801794746666
-1.693287979944586
7.700624963543996
2.4777803188623913
-2.6905579719367854
7.24665704378713
3.084239338643859
-3.4165435758850258
6.5924150535743316
3.7857369313249953
-4.297184163643731
5.752325883872426
4.209271447481105
-4.898843553493755
4.787580071220039
4.6408558654613215
-5.5454647795821534
3.690841365437232
4.826787677527307
-5.922937328243228
2.5056719418282594
4.986709535962978
-6.281352508195345
1.2690171895725502
4.921255635367328
-6.359732096155695
-0.023299264448265307
4.834081291171063
-6.3973503569305405
-1.277975378439692
4.52974898848926
-6.132596093279729
-2.5553667742519783
4.236733236538189
-5.852359720321349
-3.7024874687314355
3.71654996746924
-5.234844286121787
-4.841807819211996
3.273745275981973
-4.684034071484258
-5.765439961767725
2.572749855725
-3.7364813019521272
-6.6421074405130085
2.0507565806160866
-3.0090052048994136
-7.2557514162466985
1.2642509453461996
-1.8697608302140667
-7.721478722183449
0.6928418990838467
-1.0305760499363208
-8.024104661683923
-0.00000000000005264650803757311
0.00000000000007860811069295385
-8.041512508403821
-0.6928418990847792
1.0305760499377032
-8.024104661683701
-1.2642509453462252
1.8697608302141087
-7.721478722183423
-2.0507565806158388
3.009005204899059
-7.255751416246805
-2.5727498557249477
3.7364813019520575
-6.642107440513077
-3.273745275981961
4.68403407148424
-5.76543996176774
-3.716549967469961
5.234844286122669
-4.841807819210439
-4.236733236558336
5.852359720343642
-3.7024874686748577
-4.529748988429662
6.132596093195393
-2.5553667742257806
-4.834081291161288
6.397350356924466
-1.2779753785047747
-4.921255635367235
6.359732096155773
-0.023299264450592966
-5.085645483315866
6.404590618117988
1.2939981139769532
-4.925306684509658
6.038959764269872
2.554995360218067
-4.736016325680731
5.65122039433234
3.764055003235413
-4.298725344691555
4.992582228001228
4.881447325457541
-3.8654948287645445
4.375792931229829
5.866603350831624
-3.152897402750579
3.480971368759295
6.721779383041387
-2.5304318101868533
2.7371587233905523
7.390379659702749
-1.6216043862321796
1.7257592288366825
7.852808985131845
-0.8784537645576456
0.9232029625892527
8.180830857223071
0.00000000000000020463469221738772
-0.00000000000000021121409777170584
8.201381634643056
0.8784537645576525
-0.92320296258926
8.180830857223066
1.6216043862196263
-1.7257592288230554
7.852808985137837
2.530431810294716
-2.737158723485783
7.390379659978948
3.1528974027608694
-3.4809713687718755
6.721779383029688
3.865494828777507
-4.375792931246858
5.866603350810894
4.2987253446665346
-4.992582227973921
4.8814473254385655
4.73601632567309
-5.6512203943200126
3.7640550032631337
4.9253066845095335
-6.038959764269643
2.554995360218852
5.0856454833158615
-6.404590618117977
1.2939981139770067
5.018195854140259
-6.487021505930073
-0.02331124632084463
4.926834791942046
-6.525142738965792
-1.3037803234790828
4.616534197594467
-6.257577943755796
-2.604842672749567
4.31530911795683
-5.9703073590254725
-3.776745029850859
3.786579466381904
-5.343535027610103
-4.936053201044538
3.33227296599661
-4.778078245932827
-5.8808964590029955
2.6216450549801014
-3.8162572549804774
-6.771895948510529
2.085829429501408
-3.067993131530103
-7.400286255585638
1.2893630105603453
-1.9116930670013483
-7.873830524597045
0.7041239908923763
-1.0500611448760226
-8.182512507069227
-0.00000000000005739961271074763
0.00000000000008584517422309545
-8.20151250874739
-0.7041239909616261
1.0500611450050001
-8.182512508577814
-1.28936301056037
1.911693067001389
-7.873830524597016
-2.085829429501178
3.0679931315297737
-7.400286255585739
-2.6216450549800423
3.8162572549803984
-6.771895948510605
-3.332272965996603
4.778078245932816
-5.880896459003002
-3.7865794663828423
5.343535027611249
-4.9360532010425135
-4.315309117979047
5.970307359049962
-3.7767450297886054
-4.616534197534936
6.257577943671429
-2.6048426727233265
-4.926834791931192
6.525142738959182
-1.3037803235506908
-5.018195854140132
6.487021505930177
-0.023311246323846638
-5.184586460694755
6.527824800967958
1.318978489727302
-5.023896189722118
6.154922172943705
2.604319079020754
-4.83132495275173
5.756862665128629
3.8372395386704667
-4.388359628829372
5.08614693624907
4.975316067958985
-3.945499414931915
4.454219342537621
5.980833662927707
-3.2217571507705727
3.5451709930381274
6.851149949033345
-2.5833210770992108
2.7836051449583317
7.534064924671087
-1.6589653490345615
1.7580522133122256
8.004997426257102
-0.8966513164208954
0.938070400646035
8.339095851431555
0.00000000000000023708419333957217
-0.0000000000000002443564181744024
8.361381635057633
0.896651316420754
-0.9380704006458865
8.339095851431575
1.6589653490096838
-1.758052213285285
8.004997426268947
2.5833210772077533
-2.7836051450529955
7.534064924947221
3.221757150790742
-3.5451709930627207
6.851149949010427
3.945499414945977
-4.454219342556133
5.98083366290519
4.38835962881867
-5.086146936237019
4.975316067952552
4.83132495274352
-5.756862665115256
3.8372395387004365
5.023896189721949
-6.154922172943388
2.6043190790218356
5.1845864606947485
-6.52782480096794
1.3189784897273924
5.11508306157205
-6.6143512700657805
-0.023325432012485464
5.019482506281764
-6.653016786494288
-1.3295607229389148
4.70317855273893
-6.3826528327011225
-2.654330326532244
4.3937300092450435
-6.088384236479471
-3.850961030957601
3.856437209195917
-5.452313563799803
-5.030324754725155
3.390678887207473
-4.872255540114541
-5.996306101702909
2.6703850101040176
-3.8960758581836683
-6.901716622354143
2.1208415384301107
-3.127105004021941
-7.544785178622225
1.3143673266379206
-1.9536353519366192
-8.026197282493472
0.7153946999129066
-1.0696108412595065
-8.340913203057243
0.00000000005301103596445597
-0.00000000007926389785047483
-8.361512509162022
-0.7153946999804709
1.0696108413896144
-8.340913204565812
-1.314367326688913
1.9536353520082919
-8.026197282465361
-2.1208415384299055
3.1271050040216473
-7.5447851786223135
-2.6703850101039555
3.896075858183586
-6.901716622354223
-3.390678887207471
4.872255540114536
-5.996306101702905
-3.8564372091970927
5.452313563801239
-5.03032475472262
-4.393730009269297
6.088384236506108
-3.8509610308897786
-4.703178552679468
6.382652832616726
-2.654330326505959
-5.019482506269836
6.653016786487167
-1.329560723016918
-5.1150830615718865
6.614351270065913
-0.023325432016219415
-5.28353130736173
6.651055961678871
1.3439584486526053
-5.122555352810211
6.270825409386485
2.653642595935587
-4.92678015679099
5.862392282335819
3.9103955631245553
-4.4781752193333935
5.179537848690763
5.0691845805016005
-4.025749096822417
4.532462501837287
6.09501770988384
-3.290822880576565
3.609140789451297
6.98052456058145
-2.6364494726322945
2.829891892050448
7.6777134910813025
-1.6964681531199184
1.7901644557356695
8.157189224893786
-0.9149622793940969
0.9528728064291501
8.49735386044855
0.00000000000000027387795373903025
-0.0000000000000002816768277544231
8.521381635536022
0.9149622793936699
-0.9528728064287031
8.49735386044863
1.6964681530829104
-1.7901644556956926
8.157189224911372
2.636449472741489
-2.829891892144608
7.677713491357358
3.2908228806064588
-3.609140789487669
6.980524560547518
4.025749096837024
-4.532462501856543
6.0950177098604295
4.478175219337795
-5.179537848694679
5.069184580508595
4.926780156782585
-5.862392282321988
3.910395563155442
5.122555352809996
-6.270825409386075
2.653642595936982
5.283531307361721
-6.651055961678846
1.3439584486527327
5.211916223322878
-6.741722140115262
-0.023341186283145895
5.112024167628537
-6.780972420222449
-1.3553172116826637
4.789681665448615
-6.507821430613388
-2.703828140506328
4.471996996216115
-6.206588294322101
-3.925137034220151
3.9261242640399066
-5.561180830922777
-5.1246202081486665
3.4489623776336584
-4.966563478959277
-6.1116709464980135
2.71896969683997
-3.9759406477851673
-7.03156708864779
2.1557892790602917
-3.1863386915823773
-7.689249796029766
1.3392651089152365
-1.9955902950294544
-8.178578000393438
0.7266527119662191
-1.089222854172876
-8.499307098501776
0.00000000010496246091491837
-0.00000000015735125942544278
-8.52151250964046
-0.7266527120319938
1.0892228543032603
-8.499307100010435
-1.339265109015539
1.9955902951719537
-8.178578000337763
-2.155789279060723
3.1863386915825305
-7.689249796029528
-2.718969696839903
3.9759406477850785
-7.031567088647876
-3.4489623776336695
4.966563478959292
-6.111670946497988
-3.926124264041335
5.56118083092452
-5.124620208145589
-4.4719969962423765
6.206588294350842
-3.9251370341468603
-4.789681665389224
6.507821430528962
-2.7038281404799966
-5.112024167615535
6.7809724202148365
-1.3553172117669554
-5.211916223322673
6.741722140115426
-0.023341186287648537
-5.382478868060047
6.774285000237059
1.3689381261505045
-5.221283291437651
6.386670349822487
2.7029654497637807
-5.022380441843562
5.967809902313044
3.9835236076506084
-4.568172855817707
5.272755199528747
5.163051246203465
-4.1062426673036585
4.610521314663106
6.209156252240948
-3.360098590319244
3.672879141181331
7.109901137125995
-2.6898184562569334
2.876013747692444
7.821325907045284
-1.7341172270753404
1.8220938465199668
8.309383381267942
-0.933386485235843
0.9676076520068303
8.65560503094943
-0.0000000000000034467297205599
0.0000000000000034553529278592416
8.681381636069258
0.9333864852350001
-0.9676076520059517
8.6556050309496
1.7341172270263863
-1.8220938464672236
8.309383381291159
2.6898184563667638
-2.8760137477861534
7.821325907321247
3.360098590358702
-3.672879141229261
7.1099011370812475
4.106242667318246
-4.610521314682345
6.209156252217562
4.568172855822128
-5.2727551995326625
5.163051246210441
5.022380441835332
-5.967809902299353
3.983523607681064
5.2212832914373895
-6.386670349821979
2.7029654497654976
5.382478868060037
-6.7742850002370245
1.368938126150689
5.3086943251784735
-6.8691348503201235
-0.023357904603326082
5.204459474160859
-6.909009599178
-1.3810503597874468
4.876043268752214
-6.633084277326217
-2.7533346320829897
4.550111001205182
-6.324917675355989
-3.999274472864236
3.9956416997846333
-5.670137621832721
-5.218937459179878
3.507122550042425
-5.060999945598371
-6.226992878991821
2.767399266704203
-4.0558547559276095
-7.161445156643255
2.190669527873399
-3.2456920401624028
-7.833681607812884
1.364057767905466
-2.0375601188420975
-8.330971759941793
0.737896831898185
-1.1088950554994605
-8.657694516758157
0.00000000015583818150256992
-0.00000000023422455040885986
-8.681512510173736
-0.737896831962007
1.108895055629352
-8.65769451826702
-1.3640577680536854
2.037560119054505
-8.330971759859073
-2.1906695278748898
3.245692040163491
-7.833681607812016
-2.7673992665407248
4.05585475565655
-7.161445156206556
-3.507122550042449
5.060999945598404
-6.226992878991773
-3.995641699786331
5.67013762183479
-5.218937459176223
-4.550111001233418
6.324917675386787
-3.999274472785575
-4.876043268692898
6.63308427724176
-2.7533346320566077
-5.204459474146789
6.909009599169919
-1.3810503598779038
-5.308694325178222
6.8691348503203224
-0.023357904608656707
-5.481427992802393
6.897512811792126
1.3939176612161566
-5.320079086686828
6.502457888454668
2.7522872171549233
-5.118124389224798
6.073116157380896
4.056624149259023
-4.658353141134917
5.365799264398855
5.256914541119814
-4.186979230344985
4.688394539499388
6.323249934107524
-3.4295880268385326
3.736384451241519
7.239277695305563
-2.7434295199479215
2.9219656675333607
7.964902628392633
-1.7719164957076614
1.853838526273496
8.461578948214575
-0.9519238469874971
0.9822724862753613
8.813849490110439
-0.00000000000000968475232333346
0.000000000000009803341019228423
8.841381636647347
0.951923846986114
-0.9822724862739253
8.813849490110721
1.7719164956469344
-1.8538385262082469
8.461578948243321
2.743429520058375
-2.9219656676266625
7.964902628668494
3.429588026887385
-3.7363844513007853
7.239277695250205
4.186979230359634
-4.688394539518693
6.323249934084052
4.658353141139361
-5.365799264402771
5.256914541126768
5.118124389216738
-6.073116157367345
4.056624149289057
5.320079086686524
-6.502457888454066
2.7522872171569484
5.481427992802382
-6.897512811792079
1.393917661216404
5.405416371369684
-6.99659011889702
-0.023375010164999904
5.296788097816063
-7.037128312702171
-1.4067606787051548
4.96226319075024
-6.758441805363295
-2.8028484202140502
4.628072813591234
-6.443370693652796
-4.073374663591781
4.064990546335624
-5.77918462735448
-5.31327455723141
3.565158382874596
-5.155563099070529
-6.342273632428279
2.8156740290383735
-4.135820946389746
-7.29134879680607
2.225479613968403
-3.3051628801117063
-7.978082013289028
1.3887468198932946
-2.0795467426003276
-8.483377711719514
0.7491259716246826
-1.1286254592807687
-8.816075758032591
0.00000000020567220594346964
-0.0000000003099218918730464
-8.841512510751858
-0.7491259716863415
1.1286254594094542
-8.816075759541752
-1.3887468200882211
2.0795467428816634
-8.483377711610236
-2.225479613987283
3.3051628801374253
-7.978082013273835
-2.815674028913435
4.13582094618094
-7.291348796470816
-3.565158382861168
5.155563099053212
-6.342273632449237
-4.064990546337608
5.779184627356897
-5.313274557227143
-4.628072813621418
6.443370693685613
-4.073374663507839
-4.962263190691
6.758441805278808
-2.802848420187614
-5.296788097800927
7.037128312693641
-1.4067606788016769
-5.405416371369383
6.996590118897257
-0.023375010171193283
-5.580377536699494
7.020740286737398
1.4188971964638952
-5.418941787490558
6.6181889349814575
2.8016075097291657
-5.214010644372911
6.178311663453645
4.12969761623418
-4.748716568254872
5.458670339501822
5.350773022081077
-4.267958141784354
4.766080827356667
6.4372992943909155
-3.4992947182871394
3.7996551315907943
7.3686523380120414
-2.7972841470606653
2.967742798111682
8.108444028185733
-1.8098694935599846
1.8853968005240789
8.613775023329358
-0.9705743523982879
0.9968649251054466
8.972087347075538
-0.000000000000020733660204149
0.00000000000002116131764158779
9.001381637259792
0.9705743523962453
-0.9968649251033348
8.972087347075956
1.809869493487653
-1.8853968004465782
8.613775023363539
2.7972841471717396
-2.9677427982046143
8.108444028461479
3.4992947183452223
-3.7996551316611913
7.3686523379462665
4.26795814179914
-4.766080827376117
6.4372992943672465
4.748716568259339
-5.4586703395057405
5.350773022088006
5.214010644365015
-6.178311663440229
4.129697616263805
5.418941787490213
-6.618188934980761
2.8016075097314923
5.580377536699482
-7.02074028673734
1.4188971964642176
5.5020813831846285
-7.124088649099693
-0.023391951228908726
5.389009691369384
-7.16532857404335
-1.4324486267458805
5.048341333785756
-6.883894358717082
-2.852368215736371
4.705883112114207
-6.561945811459281
-4.147438817410915
4.134171773252232
-5.8883224631345765
-5.4076296876883685
3.623068788448465
-5.25025130995832
-6.457514804086413
2.863794438405558
-4.215841653628506
-7.421276132710965
2.260217261883013
-3.364749040468832
-8.122452319485149
1.413333828344445
-2.1215518425625537
-8.635795068318185
0.7603391396554892
-1.1484122087263682
-8.97445110147054
0.00000000025449862749543333
-0.0000000003844821627965017
-9.001512511364329
-0.7603391397147505
1.1484122088531887
-8.974451102980106
-1.4133338285851258
2.1215518429120075
-8.635795068182759
-2.260217261915607
3.3647490405140092
-8.122452319458633
-2.863794438281254
4.215841653419369
-7.421276132375678
-3.6230687884249604
5.2502513099278865
-6.457514804123211
-4.134171773254401
5.888322463137222
-5.407629687683699
-4.7058831121463145
6.561945811494084
-4.147438817321773
-5.048341333726592
6.883894358632561
-2.852368215709887
-5.389009691353186
7.16532857403439
-1.4324486268483603
-5.5020813831842705
7.124088649099972
-0.023391951236013987
-5.679326359822849
7.143968310765164
1.443876878142078
-5.517870414295861
6.733864412610738
2.8509259715224737
-5.310037906221584
6.283397025769953
4.202744393087759
-4.839263543295713
5.551368730246421
5.444625319145747
-4.349178962435116
4.843578753218814
6.551304777296349
-3.5692219976319417
3.8626895983980742
7.498023245088385
-2.851383791547729
3.0133404788837166
8.251950404262145
-1.8479794499662632
1.9167670778043204
8.765970742474385
-0.9893380580731133
1.0113826426478847
9.13031869424385
-0.000000000000037558013273415136
0.00000000000003827141052740374
9.161381637896012
0.9893380580703014
-1.01138264264499
9.130318694244433
1.8479794498824849
-1.916767077714813
8.765970742513908
2.8513837916594214
-3.013340478976307
8.251950404537768
3.569221997699094
-3.862689598479406
7.49802324501238
4.349178962427047
-4.843578753217234
6.551304777234513
4.839263543300204
-5.551368730250342
5.44462531915265
5.310037906213849
-6.283397025756672
4.202744393116979
5.517870414295477
-6.733864412609949
2.8509259715250925
5.679326359822833
-7.14396831076509
1.443876878142478
5.598688397815731
-7.251631130101552
-0.02340819876593242
5.481123893994916
-7.293610415215574
-1.4581146139688645
5.134277657875963
-7.009442208099529
-2.9018928128301944
4.783542481704572
-6.680641620824477
-4.22146804916411
4.203186280458365
-5.997551686647119
-5.50200115862075
3.680852663940295
-5.345063110455944
-6.572717869234626
2.911761077207386
-4.295919012642312
-7.551225423341691
2.294880536207904
-3.42444836397183
-8.266793748694788
1.4378203657559214
-2.163576896188845
-8.788223098395465
0.7715354318727345
-1.1682535646566719
-9.132820807018767
0.0000000003023554366722967
-0.00000000045795051019067103
-9.161512512000565
-0.7715354319293432
1.168253564781005
-9.132820808528832
-1.437820366041458
2.1635768966055453
-8.788223098234297
-2.294880536254227
3.4244483640366723
-8.26679374865685
-2.9117610770837317
4.29591901243292
-7.551225423006322
-3.6808526639069252
5.3450631104126
-6.572717869287
-4.203186280460657
5.997551686649912
-5.502001158615823
-4.783542481738576
6.680641620861228
-4.221468049069855
-5.134277657816876
7.009442208014973
-2.901892812803665
-5.481123893977659
7.293610415206204
-1.458114614077203
-5.598688397815312
7.251631130101878
-0.023408198773988254
-5.778273327096461
7.2671977649007005
1.4688568561413184
-5.616863962112483
6.849485256461551
2.900242276715661
-5.406204918562937
6.388372843340206
4.27576482490513
-4.92999440209953
5.643894743074205
5.538470128330457
-4.430641417818018
4.920886838692522
6.6652667379079915
-3.6393730208269193
3.9254862702806337
7.6273886652947605
-2.9057298695619367
3.058754234808238
8.395421985341118
-1.8862493533529978
1.9479478245879402
8.918165274323545
-1.008215084250542
1.0258233636163074
9.288543608402787
-0.0000000000000607523295185871
0.00000000000006171197423615406
9.321381638545663
1.0082150842468565
-1.0258233636125291
9.288543608403554
1.8862493532579208
-1.9479478244866597
8.918165274368326
2.9057298696742464
-3.058754234900509
8.39542198561661
3.639373020904389
-3.9254862703743916
7.627388665207128
4.4306414177935665
-4.92088683867611
6.6652667378186745
4.929994402103172
-5.643894743076862
5.538470128339427
5.406204918555356
-6.388372843327055
4.275764824933957
5.616863962112063
-6.849485256460671
2.900242276718564
5.778273327096442
-7.267197764900611
1.4688568561418036
5.695236467396037
-7.379218237733845
-0.02342324435615331
5.573130335630573
-7.421973882863073
-1.483759006553956
5.220072167438974
-7.135085563426963
-2.9514210814341597
4.861051426627942
-6.7994568285506185
-4.295463385975693
4.2720348967399255
-6.1068728075963055
-5.596387389346041
3.738508928576028
-5.439997155476644
-6.687884193497677
2.9595746397022538
-4.376054890146489
-7.68119505201772
2.329467791647943
-3.4842587208767952
-8.411107445092457
1.4622079891260886
-2.205623215102793
-8.940661121513306
0.7827140233750046
-1.1881478951988784
-9.291185117089883
0.0000000003492763029632978
-0.0000000005303659633889602
-9.321512512650221
-0.7827140234287091
1.188147895320157
-9.291185118600536
-1.4622079894556468
2.2056232155858777
-8.940661121326789
-2.3294677917080007
3.484258720961496
-8.411107445043006
-2.9595746395792526
4.376054889936911
-7.681195051682225
-3.738508928532994
5.439997155420595
-6.687884193565362
-4.272034896742282
6.106872807599162
-5.596387389340992
-4.86105142666382
6.799456828589284
-4.295463385876404
-5.220072167379966
7.135085563342372
-2.951421081407584
-5.573130335612259
7.421973882853308
-1.4837590066680617
-5.695236467395555
7.379218237734219
-0.023423244365193895
-5.8772173082133135
7.390429525518433
1.4938372839966154
-5.715921403064675
6.965052412271092
2.9495561276107223
-5.502510462923633
6.493239712416452
4.348759221234819
-5.0209094225484
5.7362486801394486
5.632306205429462
-4.5123453688720945
4.998003573198125
6.779185453249835
-3.7097507819607793
3.988043567973026
7.756746909110959
-2.9603237583693187
3.103979763794185
8.538858936064521
-1.9246820002908123
1.9789375324421297
9.070357815719193
-1.0272056101323206
1.0401848564002443
9.446762151727341
-0.00000000000008962489053129678
0.00000000000009046243877603272
9.481381639198876
1.0272056101276597
-1.0401848563954867
9.446762151728313
1.9246820001845797
-1.9789375323293052
9.070357815769135
2.9603237584822626
-3.103979763886173
8.538858936339857
3.709750782049378
-3.9880435680801867
7.756746909010789
4.5123453688381545
-4.998003573173354
6.779185453144285
5.020909422550601
-5.736248680139965
5.632306205441935
5.502510462916199
-6.493239712403422
4.348759221263281
5.715921403064222
-6.965052412270122
2.9495561276139037
5.877217308213291
-7.390429525518325
1.4938372839971998
5.79172465818849
-7.506850635107316
-0.023436598314248516
5.665028640396123
-7.55041903492954
-1.5093821307164206
5.305724900608961
-7.260824584103368
-3.0009519604880355
4.938410381133119
-6.9183902435297355
-4.369425774791031
4.340718383049432
-6.216286293973733
-5.690786900505306
3.7960365501331292
-5.535052192716998
-6.803015043634458
3.0072359156522186
-4.456250913141258
-7.811183515623702
2.363977629437394
-3.544178020303802
-8.555394480725832
1.4864982245300395
-2.2476919701951688
-9.093108503612614
0.7938741612375119
-1.2080936665788817
-9.449544258054154
0.00000000039529119530307317
-0.0000000006017626245813234
-9.481512513303434
-0.7938741612880578
1.2080936666965674
-9.449544259565485
-1.486498224902825
2.247691970743775
-9.09310850340113
-2.3639776295112025
3.544178020408556
-8.555394480664775
-3.0072359155298747
4.4562509129315675
-7.811183515288037
-3.796036550080625
5.535052192648452
-6.803015043717194
-4.3407183830518
6.216286293976579
-5.690786900500263
-4.938410381170841
6.918390243570275
-4.3694257746868015
-5.305724900550032
7.26082458401874
-3.0009519604614163
-5.665028640376755
7.550419034919397
-1.509382130836198
-5.791724658187937
7.506850635107744
-0.02343659832430318
-5.9761571775730244
7.51366446434298
1.5188183188836684
-5.81504168853874
7.0805668353434985
2.998867252823942
-5.598953352616486
6.597998229231529
4.421727859583067
-5.1120088338245875
5.828430836247805
5.726132360420204
-4.594290785353596
5.074927428428771
6.893061127643814
-3.780358126333417
4.050359914245841
7.886096342460511
-3.015166799352978
3.1490129217157925
8.682261361229756
-1.9632800332464997
2.0097346940815584
9.222547587671537
-1.0463098696972897
1.0544649268885904
9.60497437266275
-0.00000000000012666906215336694
0.00000000000012709893387494675
9.641381639846445
1.0463098696915585
-1.0544649268827664
9.604974372663952
1.963280033129251
-2.009734693957413
9.222547587726567
3.015166799466583
-3.1490129218075396
8.682261361504914
3.7803581264335198
-4.050359914366862
7.886096342347385
4.59429078531749
-5.074927428402387
6.893061127533828
5.1120088338250325
-5.828430836245696
5.726132360436959
5.598953352609185
-6.597998229218603
4.421727859611202
5.815041688538255
-7.080566835342442
2.9988672528273908
5.976157177573
-7.513664464342852
1.5188183188843667
5.8881520498991335
-7.634528973139666
-0.023447788014098057
5.756818429258972
-7.678945937973879
-1.5349842762192776
5.391235920613206
-7.386659387527248
-3.050484451896273
5.0156197183801465
-7.037440765837334
-4.443356089142876
4.409237438571583
-6.325792575341322
-5.785198305385196
3.8534345630638622
-5.630227039802553
-6.918111596987914
3.0547457745101605
-4.536508495214131
-7.941189414840293
2.3984088601438565
-3.6042042189529195
-8.699655860962304
1.51069255778985
-2.289784211134836
-9.245564653015402
0.8050151580635418
-1.228089434874509
-9.607898441579522
0.0000000004404340437268331
-0.0000000006721810721031448
-9.641512513950996
-0.8050151581106763
1.2280894349880926
-9.607898443091607
-1.5106925582051132
2.289784211748129
-9.245564652779322
-2.398408860231426
3.6042042190778947
-8.699655860889553
-3.054745774388475
4.536508495004394
-7.941189414504416
-3.8534345630020606
5.630227039721705
-6.918111597085459
-4.409237438573911
6.325792575344083
-5.785198305380282
-5.01561971841969
7.037440765879715
-4.443356089033782
-5.391235920554358
7.3866593874425845
-3.0504844518696075
-5.75681842923855
7.6789459379633715
-1.53498427634465
-5.8881520498985065
7.634528973140151
-0.02344778802520241
-6.075091814237668
7.636903448437415
1.5438001216097217
-5.914223750999401
7.1960294896911705
3.048175405669541
-5.69553242771664
6.702648992188533
4.494670988562539
-5.2032928232833
5.920441497286428
5.8199474526161685
-4.676477724600156
5.151656870389385
7.0068938986794125
-3.8511977622909392
4.112433733868354
8.015435381017621
-3.0702603030908158
3.193849706655967
8.8256293093985
-2.002045969901829
2.040337785930846
9.374733831874153
-1.065528147942715
1.06866141290397
9.763180306704713
-0.0000000000001726076707660275
0.0000000000001725320482469946
9.80138164047996
1.065528147935821
-1.0686614128969956
9.76318030670616
2.002045969773695
-2.0403377857955953
9.37473383193419
3.070260303205117
-3.1938497067475193
8.825629309673449
3.851197762402491
-4.112433734003183
8.015435380891597
4.676477724566875
-5.151656870365912
7.00689389857293
5.2032928232819495
-5.920441497281605
5.819947452637332
5.695532427709456
-6.7026489921756935
4.494670988590395
5.914223750998887
-7.196029489690028
3.048175405673248
6.0750918142376396
-7.636903448437265
1.5438001216105381
5.984517735090933
-7.762253891006656
-0.023456356389110037
5.848499322101172
-7.807554665006883
-1.5605656995301918
5.476605308811826
-7.512590056148458
-3.100017615122627
5.092679758150215
-7.156607377162466
-4.517255135252556
4.47759270816291
-6.435392044421383
-5.879620302273982
3.9107020801275256
-5.725520567022329
-7.033174949795734
3.102105150643823
-4.616828860503755
-8.071211445327329
2.432760472342673
-3.66433532737052
-8.84389252946161
1.5347924292213448
-2.3319008818379605
-9.398029016870721
0.8161363862232389
-1.2481338386142502
-9.76624786583782
0.0000000004847294359370594
-0.0000000007416481277444021
-9.801512514584497
-0.8161363862667191
1.2481338387232583
-9.76624786735074
-1.534792429678356
2.3319008825151117
-9.398029016610405
-2.4327604724440164
3.664335327515872
-8.84389252937709
-3.102105150522796
4.6168288602940395
-8.071211444991201
-3.9107020800565926
5.725520566929372
-7.033174949907851
-4.477592708165152
6.435392044423989
-5.87962030226931
-5.092679758191552
7.156607377206651
-4.517255135138684
-5.476605308753061
7.5125900560637575
-3.1000176150959122
-5.848499322079704
7.807554664996032
-1.5605656996610509
-5.984517735090228
7.762253891007202
-0.02345635640128491
-6.174020101903222
7.76014734018073
1.5687828565993676
-6.013466505533201
7.3114413473301
3.0974803627112184
-5.792246550773116
6.807192603632502
4.567588830738988
-5.294761541558848
6.0122809397476065
5.91375038639464
-4.758906313981632
5.228190368862069
7.120683842499956
-3.9222722721044136
4.174263453382735
8.144762485058294
-3.125605555271485
3.238486243368943
8.968962776011596
-2.0409822263500916
2.0707452556363886
9.526915808448754
-1.0848607775007066
1.0827721791678042
9.921379977089375
-0.00000000000022686435664789235
0.0000000000002257483001097788
9.961381641091894
1.0848607774925614
-1.082772179159601
9.921379977091084
2.0409822263023796
-2.070745255561944
9.526915808847372
3.1256055553865134
-3.2384862434603408
8.968962776286315
3.9222722722270835
-4.174263453530991
8.144762484919742
4.758906313954616
-5.228190368844563
7.1206838424023395
5.294761541555841
-6.012280939740237
5.913750386419911
5.792246550766035
-6.807192603619729
4.567588830766609
6.013466505532659
-7.311441347328872
3.097480362715183
6.174020101903192
-7.760147340180556
1.568782856600313
6.080820818679422
-7.890026016531299
-0.02346186058776426
5.940070939309611
-7.936245293748478
-1.5861266266637906
5.5618331590917975
-7.638616643330035
-3.149550562339801
5.169590774107683
-7.2758891329851725
-4.591123657929869
4.545784790246262
-6.54508505772725
-5.974051667683024
3.967838299059644
-5.820931684443134
-7.148206124520914
3.1493150299012473
-4.697213065308395
-8.201248389764
2.4670316064380002
-3.724569414102491
-8.988105372729331
1.5587992310970855
-2.3740428329690304
-9.550501077978668
0.8272372726921315
-1.268225592121071
-9.92459271659282
0.0000000005282070149163705
-0.0000000008101987557869473
-9.961512515196409
-0.82723727273172
1.268225592225051
-9.924592718106648
-1.5587992315951473
2.3740428337092445
-9.550501077694463
-2.4670316065531352
3.7245694142683643
-8.988105372632967
-3.149315029780885
4.6972130650987705
-8.201248389427574
-3.967838298979743
5.820931684338268
-7.148206124647364
-4.545784790248372
6.5450850577296364
-5.9740516676787045
-5.169590774126286
7.275889132993398
-4.591123657790768
-5.561833159033116
7.638616643245298
-3.149550562313037
-5.940070939287096
7.936245293737295
-1.5861266268000742
-6.080820818678633
7.890026016531907
-0.02346186060105321
-6.272940928884457
7.88339699723616
1.5937666918755957
-6.11276885116569
7.42680338769883
3.146781922461959
-5.889094603112568
6.9116296713016245
4.6404815852124575
-5.386415106346067
6.103949431015587
6.0075401074223045
-4.841576736468353
5.304526404878625
7.234430978639219
-3.9935841220632997
4.235847500654116
8.274076154780863
-3.1812038227382664
3.282918768552053
9.112261706086258
-2.0800911343799413
2.1009555122190453
9.679092789986447
-1.1043081355563236
1.0967951126930249
10.079573395410108
-0.00000000000029040033122517064
0.00000000000028768537332243795
10.121381641675669
1.1043081355336248
-1.0967951126703042
10.079573395414895
2.080091134322425
-2.1009555121330994
9.679092790389868
3.1812038228644983
-3.2829187686554997
9.112261706352891
3.9935841221965793
-4.235847500815209
8.274076154630345
4.841576736450694
-5.304526404869781
7.234430978555203
5.386415106341648
-6.103949431006001
6.007540107451123
5.889094603105579
-6.9116296712889005
4.640481585239889
6.112768851165121
-7.426803387697518
3.146781922466177
6.272940928884425
-7.88339699723596
1.593766691876681
6.177060417495009
-8.017845966522716
-0.023463870766668057
6.031532902986851
-8.065017905224819
-1.61166725574515
5.6469195733834106
-7.764739178227523
-3.1990824540261515
5.2463529982597
-7.395285152377518
-4.664962344201548
4.613814244554723
-6.654871935700378
-6.068491250334613
4.024842505507669
-5.9164593324264665
-7.263206076338309
3.1963764376706676
-4.77766201740359
-8.33129911065991
2.501221532870715
-3.784904608111941
-9.132295224294374
1.582714306905874
-2.416210832225169
-9.702980351939905
0.8383172944155644
-1.2883634795143049
-10.082933168183512
0.0000000005708854470866666
-0.0000000008778515188229168
-10.121512515780159
-0.8383172944510272
1.28836347961282
-10.082933169698324
-1.5827143074443055
2.4162108330276633
-9.70298035163215
-2.501221532999664
3.784904608298472
-9.132295224186093
-3.1963764375509793
4.777662017194129
-8.331299110323139
-4.024842505418946
5.916459332309873
-7.263206076478876
-4.61381424455757
6.65487193570361
-6.068491250328782
-5.246352998266925
7.395285152367123
-4.664962344046762
-5.646919573324232
7.764739178142213
-3.1990824540016973
-6.031532902963294
8.06501790521332
-1.6116672558867688
-6.177060417494133
8.017845966523392
-0.02346387078108363
